股票代码,日期,开盘,收盘,最高,最低,成交量,成交额,振幅,涨跌幅,涨跌额,换手率
2384,2024-01-02,17.91,17.39,17.92,17.38,218977.0,392983245.78,3.02,-2.63,-0.47,1.58
2384,2024-01-03,17.39,16.61,17.39,16.46,388107.0,662391200.34,5.35,-4.49,-0.78,2.79
2384,2024-01-04,16.55,16.28,16.56,16.17,228264.0,378855647.02,2.35,-1.99,-0.33,1.64
2384,2024-01-05,16.25,16.0,16.72,15.91,286840.0,475284364.23,4.98,-1.72,-0.28,2.06
2384,2024-01-08,15.93,15.41,16.03,15.38,241038.0,384294715.33,4.06,-3.69,-0.59,1.73
2384,2024-01-09,15.43,15.33,15.63,15.29,208045.0,327642222.09,2.21,-0.52,-0.08,1.5
2384,2024-01-10,15.27,15.43,15.63,14.93,231384.0,361568079.07,4.57,0.65,0.1,1.66
2384,2024-01-11,15.41,15.62,15.71,15.28,192226.0,304944027.77,2.79,1.23,0.19,1.38
2384,2024-01-12,15.51,15.4,15.64,15.39,151693.0,239841447.93,1.6,-1.41,-0.22,1.09
2384,2024-01-15,15.32,15.26,15.54,15.2,146703.0,229989782.3,2.21,-0.91,-0.14,1.06
2384,2024-01-16,15.27,15.11,15.37,14.89,207184.0,319387012.68,3.15,-0.98,-0.15,1.49
2384,2024-01-17,15.08,14.57,15.13,14.57,198414.0,300231045.49,3.71,-3.57,-0.54,1.43
2384,2024-01-18,14.56,14.82,14.83,14.24,218045.0,322954787.97,4.05,1.72,0.25,1.57
2384,2024-01-19,14.75,14.8,15.08,14.69,195621.0,298076582.18,2.63,-0.13,-0.02,1.41
2384,2024-01-22,14.8,13.97,14.85,13.88,210959.0,309859737.07,6.55,-5.61,-0.83,1.52
2384,2024-01-23,13.98,14.17,14.32,13.81,176086.0,254025724.2,3.65,1.43,0.2,1.27
2384,2024-01-24,14.26,14.24,14.4,13.7,193807.0,278199785.2,4.94,0.49,0.07,1.39
2384,2024-01-25,14.22,14.58,14.58,14.01,247998.0,365253410.31,4.0,2.39,0.34,1.78
2384,2024-01-26,14.52,14.19,14.64,14.13,221257.0,325470120.26,3.5,-2.67,-0.39,1.59
2384,2024-01-29,14.28,13.29,14.35,13.26,399397.0,555911023.18,7.68,-6.34,-0.9,2.87
2384,2024-01-30,13.21,12.93,13.4,12.88,271908.0,367676926.39,3.91,-2.71,-0.36,1.96
2384,2024-01-31,12.92,12.18,12.96,12.15,436797.0,556170759.08,6.26,-5.8,-0.75,3.14
2384,2024-02-01,12.18,12.37,12.45,11.99,338781.0,426537216.62,3.78,1.56,0.19,2.44
2384,2024-02-02,12.37,11.83,12.53,11.33,382964.0,469900212.65,9.7,-4.37,-0.54,2.75
2384,2024-02-05,11.76,11.25,11.83,10.69,454540.0,527582862.48,9.64,-4.9,-0.58,3.27
2384,2024-02-06,11.14,12.41,12.41,11.0,430485.0,525959653.32,12.53,10.31,1.16,3.1
2384,2024-02-07,12.64,13.67,13.68,12.42,592769.0,811671329.99,10.15,10.15,1.26,4.26
2384,2024-02-08,13.83,13.45,14.29,13.3,615980.0,871503896.74,7.24,-1.61,-0.22,4.43
2384,2024-02-19,13.74,13.69,13.77,13.43,419716.0,583358265.16,2.53,1.78,0.24,3.02
2384,2024-02-20,13.61,13.44,13.61,13.14,318322.0,434603572.06,3.43,-1.83,-0.25,2.29
2384,2024-02-21,13.31,13.54,13.93,13.21,403911.0,563683125.7,5.36,0.74,0.1,2.91
2384,2024-02-22,13.48,13.89,13.91,13.43,306076.0,431668750.86,3.55,2.58,0.35,2.2
2384,2024-02-23,13.95,13.98,14.0,13.7,316088.0,447644340.47,2.16,0.65,0.09,2.27
2384,2024-02-26,13.97,13.99,14.26,13.85,307620.0,441554823.48,2.93,0.07,0.01,2.21
2384,2024-02-27,14.0,14.8,14.82,13.88,445556.0,656369563.89,6.72,5.79,0.81,3.2
2384,2024-02-28,14.76,14.04,15.16,14.03,523787.0,783009221.97,7.64,-5.14,-0.76,3.77
2384,2024-02-29,13.85,14.65,14.67,13.85,375624.0,554802905.74,5.84,4.34,0.61,2.7
2384,2024-03-01,14.72,14.89,15.11,14.65,419291.0,637711151.81,3.14,1.64,0.24,3.02
2384,2024-03-04,14.9,14.76,14.95,14.53,389984.0,587041496.11,2.82,-0.87,-0.13,2.81
2384,2024-03-05,14.56,14.43,14.65,14.29,405568.0,599919889.82,2.44,-2.24,-0.33,2.92
2384,2024-03-06,14.34,14.34,14.59,14.01,398825.0,581810113.56,4.02,-0.62,-0.09,2.87
2384,2024-03-07,14.32,13.93,14.52,13.93,323401.0,470230320.0,4.11,-2.86,-0.41,2.33
2384,2024-03-08,13.95,14.55,14.58,13.93,449416.0,655351682.22,4.67,4.45,0.62,3.23
2384,2024-03-11,14.42,14.79,14.8,14.14,372747.0,552583183.39,4.54,1.65,0.24,2.68
2384,2024-03-12,14.9,14.82,15.0,14.68,336413.0,509111964.7,2.16,0.2,0.03,2.42
2384,2024-03-13,14.98,15.49,15.9,14.98,876710.0,1389324757.82,6.21,4.52,0.67,6.31
2384,2024-03-14,15.29,14.87,15.36,14.76,746716.0,1141475526.74,3.87,-4.0,-0.62,5.37
2384,2024-03-15,14.93,15.15,15.23,14.62,454365.0,691968804.17,4.1,1.88,0.28,3.27
2384,2024-03-18,15.23,15.87,15.92,15.07,653855.0,1036894264.33,5.61,4.75,0.72,4.7
2384,2024-03-19,15.88,16.23,16.82,15.83,851701.0,1421236795.02,6.24,2.27,0.36,6.13
2384,2024-03-20,16.17,16.08,16.28,15.85,453914.0,743154539.22,2.65,-0.92,-0.15,3.26
2384,2024-03-21,16.07,15.61,16.24,15.59,434412.0,699380851.88,4.04,-2.92,-0.47,3.12
2384,2024-03-22,15.68,15.38,15.75,15.2,417182.0,657290302.32,3.52,-1.47,-0.23,3.0
2384,2024-03-25,15.27,14.6,15.41,14.58,523411.0,801112577.86,5.4,-5.07,-0.78,3.76
2384,2024-03-26,14.6,14.48,14.78,14.24,385987.0,572205833.92,3.7,-0.82,-0.12,2.78
2384,2024-03-27,14.39,13.69,14.46,13.69,438703.0,627373110.2,5.32,-5.46,-0.79,3.16
2384,2024-03-28,13.79,14.16,14.36,13.72,372723.0,537343842.17,4.67,3.43,0.47,2.68
2384,2024-03-29,14.17,14.27,14.28,14.0,238526.0,345421864.56,1.98,0.78,0.11,1.72
2384,2024-04-01,14.37,14.8,14.81,14.34,264762.0,396253896.02,3.29,3.71,0.53,1.9
2384,2024-04-02,14.78,14.83,14.83,14.51,301674.0,452112915.27,2.16,0.2,0.03,2.17
2384,2024-04-03,14.73,14.57,14.94,14.55,342145.0,513390462.75,2.63,-1.75,-0.26,2.46
2384,2024-04-08,14.57,13.95,14.57,13.91,335650.0,486496575.67,4.53,-4.26,-0.62,2.41
2384,2024-04-09,14.03,14.16,14.16,13.9,166158.0,238920649.82,1.86,1.51,0.21,1.2
2384,2024-04-10,14.09,13.61,14.11,13.46,292122.0,409834211.08,4.59,-3.88,-0.55,2.1
2384,2024-04-11,13.49,13.32,13.73,13.26,381558.0,525279141.31,3.45,-2.13,-0.29,2.74
2384,2024-04-12,13.4,13.43,13.75,13.37,284147.0,393730891.4,2.85,0.83,0.11,2.04
2384,2024-04-15,13.48,13.4,13.6,13.13,295460.0,404043152.43,3.5,-0.22,-0.03,2.13
2384,2024-04-16,13.32,12.9,13.39,12.89,275180.0,369495734.48,3.73,-3.73,-0.5,1.98
2384,2024-04-17,13.09,13.46,13.46,13.05,274197.0,374247876.77,3.18,4.34,0.56,1.97
2384,2024-04-18,13.7,13.92,14.31,13.59,489655.0,699883105.08,5.35,3.42,0.46,3.52
2384,2024-04-19,13.88,13.88,14.0,13.68,302655.0,428335288.34,2.3,-0.29,-0.04,2.18
2384,2024-04-22,13.69,13.68,14.03,13.52,233717.0,329453648.97,3.67,-1.44,-0.2,1.68
2384,2024-04-23,13.68,13.58,13.84,13.44,181418.0,252586252.16,2.92,-0.73,-0.1,1.3
2384,2024-04-24,13.62,13.78,13.83,13.47,202586.0,283789546.58,2.65,1.47,0.2,1.46
2384,2024-04-25,13.44,13.8,13.89,12.87,455590.0,632656096.73,7.4,0.15,0.02,3.28
2384,2024-04-26,13.8,14.41,14.43,13.74,444933.0,647341275.12,5.0,4.42,0.61,3.2
2384,2024-04-29,14.49,14.98,15.03,14.44,410735.0,624810415.82,4.09,3.96,0.57,2.95
2384,2024-04-30,15.0,15.07,15.26,14.91,279565.0,430184196.8,2.34,0.6,0.09,2.01
2384,2024-05-06,15.34,15.73,15.94,15.34,524046.0,841122497.69,3.98,4.38,0.66,3.77
2384,2024-05-07,15.78,15.63,16.13,15.56,482449.0,780143852.26,3.62,-0.64,-0.1,3.47
2384,2024-05-08,15.68,15.32,15.74,15.27,277699.0,437851191.3,3.01,-1.98,-0.31,2.0
2384,2024-05-09,15.28,15.62,15.78,15.28,229826.0,366998951.45,3.26,1.96,0.3,1.65
2384,2024-05-10,15.63,15.41,15.68,15.28,186975.0,294070889.12,2.56,-1.34,-0.21,1.34
2384,2024-05-13,15.31,15.45,15.75,15.16,290316.0,459565323.3,3.83,0.26,0.04,2.09
2384,2024-05-14,15.81,15.53,16.42,15.51,488836.0,793428018.73,5.89,0.52,0.08,3.52
2384,2024-05-15,15.53,15.24,15.68,15.21,238476.0,375451017.71,3.03,-1.87,-0.29,1.72
2384,2024-05-16,15.31,15.69,15.93,15.3,382343.0,611640609.0,4.13,2.95,0.45,2.75
2384,2024-05-17,15.67,15.91,15.98,15.51,332492.0,536747574.54,3.0,1.4,0.22,2.39
2384,2024-05-20,15.91,15.97,16.07,15.74,304914.0,495712138.76,2.07,0.38,0.06,2.19
2384,2024-05-21,15.95,16.0,16.1,15.9,199525.0,325571210.32,1.25,0.19,0.03,1.44
2384,2024-05-22,15.99,16.1,16.48,15.94,362366.0,595867523.54,3.38,0.63,0.1,2.61
2384,2024-05-23,16.06,15.7,16.07,15.68,272215.0,438932314.87,2.42,-2.48,-0.4,1.96
2384,2024-05-24,15.69,15.41,15.9,15.38,222921.0,355007976.85,3.31,-1.85,-0.29,1.6
2384,2024-05-27,15.49,15.55,15.64,15.15,230436.0,360465263.72,3.18,0.91,0.14,1.66
2384,2024-05-28,15.48,15.16,15.57,15.04,220145.0,343920001.45,3.41,-2.51,-0.39,1.58
2384,2024-05-29,15.06,15.13,15.36,15.03,208838.0,323429320.19,2.18,-0.2,-0.03,1.5
2384,2024-05-30,15.09,15.54,15.75,14.99,317692.0,493633602.18,5.02,2.71,0.41,2.29
2384,2024-05-31,15.55,15.63,16.06,15.49,304423.0,483111186.62,3.67,0.58,0.09,2.19
2384,2024-06-03,15.63,15.73,15.93,15.35,312731.0,491661725.76,3.71,0.64,0.1,2.25
2384,2024-06-04,15.68,15.68,15.74,15.3,222141.0,346195896.4,2.8,-0.32,-0.05,1.6
2384,2024-06-05,15.69,15.4,15.81,15.38,200351.0,313817501.91,2.74,-1.79,-0.28,1.44
2384,2024-06-06,15.53,15.41,15.84,15.34,312574.0,489412311.24,3.25,0.06,0.01,2.25
2384,2024-06-07,15.43,15.04,15.51,14.86,286279.0,433655316.22,4.22,-2.4,-0.37,2.06
2384,2024-06-11,14.94,15.39,15.46,14.68,244260.0,373414384.45,5.19,2.33,0.35,1.76
2384,2024-06-12,16.01,16.13,16.82,15.93,842881.0,1378259968.19,5.78,4.81,0.74,6.06
2384,2024-06-13,16.18,16.19,16.42,16.03,405093.0,659350483.7,2.42,0.37,0.06,2.91
2384,2024-06-14,16.21,16.87,16.91,16.04,659064.0,1098654586.83,5.37,4.2,0.68,4.74
2384,2024-06-17,17.08,18.56,18.56,16.84,1755265.0,3180363331.06,10.2,10.02,1.69,12.529500000000006
2384,2024-06-18,18.54,19.28,19.51,18.24,1791035.0300000007,3455907640.01,6.84,3.88,0.72,12.529500000000006
2384,2024-06-19,19.27,19.05,19.63,18.64,1192374.0,2276619273.08,5.13,-1.19,-0.23,8.58
2384,2024-06-20,18.98,18.57,19.5,18.5,756999.0,1431243159.22,5.25,-2.52,-0.48,5.44
2384,2024-06-21,18.08,18.89,19.15,17.95,780096.0,1469405325.12,6.46,1.72,0.32,5.61
2384,2024-06-24,18.98,18.9,19.82,18.73,1209707.0,2341184234.76,5.77,0.05,0.01,8.7
2384,2024-06-25,18.72,18.6,19.26,18.32,841302.0,1577999960.37,4.97,-1.59,-0.3,6.05
2384,2024-06-26,18.73,19.13,19.48,18.45,943716.0,1793882805.03,5.54,2.85,0.53,6.79
2384,2024-06-27,19.09,19.95,20.98,18.98,1735688.0,3485690499.25,10.45,4.29,0.82,12.48
2384,2024-06-28,19.81,20.63,21.2,19.68,1318172.0,2725606274.4,7.62,3.41,0.68,9.48
2384,2024-07-01,20.55,20.41,20.62,19.9,783816.0,1593040904.47,3.49,-1.07,-0.22,5.64
2384,2024-07-02,20.59,20.42,21.16,20.31,826000.0,1714972763.95,4.16,0.05,0.01,5.94
2384,2024-07-03,21.16,20.69,21.68,20.61,943302.0,1995014012.36,5.24,1.32,0.27,6.79
2384,2024-07-04,20.67,21.58,22.27,20.62,1085215.0,2356656991.84,7.97,4.3,0.89,7.81
2384,2024-07-05,21.43,21.04,21.5,20.38,902677.0,1891838947.51,5.19,-2.5,-0.54,6.49
2384,2024-07-08,20.93,21.63,22.0,20.92,895150.0,1937927908.32,5.13,2.8,0.59,6.44
2384,2024-07-09,21.84,23.8,23.8,21.4,1095399.0,2529873352.01,11.1,10.03,2.17,7.88
2384,2024-07-10,24.49,25.97,26.09,24.14,1479174.0,3707995315.3,8.19,9.12,2.17,10.64
2384,2024-07-11,25.87,25.91,26.83,25.04,1471329.0,3817373232.62,6.89,-0.23,-0.06,10.58
2384,2024-07-12,25.4,25.53,25.83,24.82,1080931.0,2746287232.95,3.9,-1.47,-0.38,7.77
2384,2024-07-15,25.68,26.29,26.34,24.74,962547.0,2492084220.72,6.27,2.98,0.76,6.92
2384,2024-07-16,26.17,28.75,28.91,26.13,1158231.0,3212314961.8,10.57,9.36,2.46,8.33
2384,2024-07-17,28.06,26.33,28.06,26.24,1241567.0,3358958784.09,6.33,-8.42,-2.42,8.93
2384,2024-07-18,25.43,25.64,26.72,24.62,1176563.0,2988381957.96,7.98,-2.62,-0.69,8.46
2384,2024-07-19,24.74,24.67,25.55,24.57,936176.0,2337731537.11,3.82,-3.78,-0.97,6.73
2384,2024-07-22,24.65,25.05,25.31,24.21,901311.0,2244235946.73,4.46,1.54,0.38,6.48
2384,2024-07-23,24.88,24.66,25.42,24.3,710580.0,1764348215.84,4.47,-1.56,-0.39,5.11
2384,2024-07-24,24.68,24.23,25.15,24.03,619507.0,1521803208.05,4.54,-1.74,-0.43,4.46
2384,2024-07-25,23.53,23.23,23.92,22.75,920353.0,2145159386.41,4.83,-4.13,-1.0,6.62
2384,2024-07-26,23.28,24.2,24.48,23.03,751457.0,1804386966.88,6.24,4.18,0.97,5.41
2384,2024-07-29,24.11,24.37,25.41,23.46,795630.0,1958780700.81,8.06,0.7,0.17,5.72
2384,2024-07-30,24.25,24.14,24.66,23.89,417179.0,1010112029.15,3.16,-0.94,-0.23,3.0
2384,2024-07-31,24.19,24.84,25.22,23.93,884045.0,2193453560.31,5.34,2.9,0.7,6.36
2384,2024-08-01,25.32,24.16,25.45,23.96,726635.0,1779387204.08,6.0,-2.74,-0.68,5.23
2384,2024-08-02,24.08,23.73,24.8,23.53,673504.0,1618509354.25,5.26,-1.78,-0.43,4.84
2384,2024-08-05,22.48,21.35,22.93,21.35,1191380.0,2628285179.1,6.66,-9.2766,-2.38,8.57
2384,2024-08-06,22.18,21.96,22.56,21.63,733435.0,1622565890.29,4.36,2.86,0.61,5.28
2384,2024-08-07,21.89,21.98,22.28,21.51,467489.0,1032146940.06,3.51,0.09,0.02,3.36
2384,2024-08-08,21.93,22.22,22.61,21.53,486095.0,1081981916.69,4.91,1.09,0.24,3.5
2384,2024-08-09,22.3,22.46,22.99,22.24,438994.0,995793407.04,3.38,1.08,0.24,3.16
2384,2024-08-12,22.54,22.28,22.85,22.16,296094.0,667769201.39,3.07,-0.8,-0.18,2.13
2384,2024-08-13,22.63,22.9,23.11,22.43,372863.0,850783877.98,3.05,2.78,0.62,2.68
2384,2024-08-14,22.63,22.38,22.73,22.03,454476.0,1022471385.88,3.06,-2.27,-0.52,3.27
2384,2024-08-15,22.23,22.07,22.58,22.01,332168.0,740963471.29,2.55,-1.39,-0.31,2.39
2384,2024-08-16,22.31,22.43,22.78,22.16,375157.0,847232176.36,2.81,1.63,0.36,2.7
2384,2024-08-19,22.34,22.17,22.81,22.03,297169.0,666403849.73,3.48,-1.16,-0.26,2.14
2384,2024-08-20,21.93,21.99,22.97,21.93,402874.0,901741896.89,4.69,-0.81,-0.18,2.9
2384,2024-08-21,22.03,22.82,23.52,21.82,799782.0,1831204118.13,7.73,3.77,0.83,5.75
2384,2024-08-22,22.65,22.49,22.82,21.61,618295.0,1376104509.35,5.3,-1.45,-0.33,4.45
2384,2024-08-23,22.28,22.14,22.58,21.81,340271.0,754369035.09,3.42,-1.56,-0.35,2.45
2384,2024-08-26,22.22,22.12,22.64,21.59,411906.0,912468142.1,4.74,-0.09,-0.02,2.96
2384,2024-08-27,22.05,21.32,22.12,21.15,472944.0,1018529195.55,4.39,-3.62,-0.8,3.4
2384,2024-08-28,21.11,20.99,21.56,20.78,391689.0,827399538.84,3.66,-1.55,-0.33,2.82
2384,2024-08-29,20.85,21.56,21.92,20.38,501111.0,1066137150.21,7.34,2.72,0.57,3.6
2384,2024-08-30,21.56,23.72,23.72,21.48,518212.0,1203030124.97,10.39,10.02,2.16,3.74
2384,2024-09-02,23.94,22.78,24.02,22.19,1066957.0,2446839122.2,7.72,-3.96,-0.94,7.7
2384,2024-09-03,22.58,22.47,23.13,22.09,536787.0,1212639529.77,4.57,-1.36,-0.31,3.87
2384,2024-09-04,21.94,21.9,22.23,21.33,516495.0,1125910806.5,4.01,-2.54,-0.57,3.73
2384,2024-09-05,22.02,21.82,22.43,21.63,370136.0,818566416.94,3.65,-0.37,-0.08,2.67
2384,2024-09-06,21.83,21.11,21.93,21.07,333569.0,718050958.6,3.94,-3.25,-0.71,2.41
2384,2024-09-09,20.88,20.91,21.33,20.64,306602.0,643576529.14,3.27,-0.95,-0.2,2.21
2384,2024-09-10,20.81,20.93,21.18,20.01,403380.0,834146304.32,5.6,0.1,0.02,2.91
2384,2024-09-11,20.82,20.4,20.87,20.33,264086.0,543872976.28,2.58,-2.53,-0.53,1.9
2384,2024-09-12,20.62,20.07,20.78,19.89,317327.0,642508602.84,4.36,-1.62,-0.33,2.29
2384,2024-09-13,20.09,20.16,20.75,20.01,322887.0,660565649.37,3.69,0.45,0.09,2.33
2384,2024-09-18,20.01,19.09,20.23,18.39,682575.0,1296972874.95,9.13,-5.31,-1.07,4.92
2384,2024-09-19,19.54,19.04,19.66,18.87,400395.0,768628570.24,4.14,-0.26,-0.05,2.89
2384,2024-09-20,19.33,19.16,19.7,19.08,347949.0,674730340.83,3.26,0.63,0.12,2.51
2384,2024-09-23,19.17,19.37,19.91,18.87,312670.0,612738922.96,5.43,1.1,0.21,2.26
2384,2024-09-24,19.44,20.72,20.83,19.2,564622.0,1143067584.35,8.42,6.97,1.35,4.07
2384,2024-09-25,20.9,20.32,21.58,20.31,529428.0,1116007224.63,6.13,-1.93,-0.4,3.82
2384,2024-09-26,20.34,20.12,20.48,19.38,706851.0,1410641235.63,5.41,-0.98,-0.2,5.1
2384,2024-09-27,20.18,21.37,21.99,20.14,822118.0,1739276671.98,9.19,6.21,1.25,5.93
2384,2024-09-30,21.93,23.47,23.51,21.43,1094448.0,2482672387.34,9.73,9.83,2.1,7.89
2384,2024-10-08,25.81,25.23,25.82,22.92,1558389.0,3822016620.38,12.36,7.5,1.76,11.24
2384,2024-10-09,24.08,22.89,24.33,22.7,1220269.0,2885775854.77,6.46,-9.27,-2.34,8.8
2384,2024-10-10,22.9,23.13,24.53,22.9,1129658.0,2699067357.93,7.12,1.05,0.24,8.15
2384,2024-10-11,22.93,21.73,23.12,21.49,689948.0,1525026286.11,7.05,-6.05,-1.4,4.98
2384,2024-10-14,21.73,23.47,23.68,21.69,745530.0,1709525015.51,9.16,8.01,1.74,5.38
2384,2024-10-15,23.24,23.43,24.3,22.94,743345.0,1769029797.05,5.79,-0.17,-0.04,5.36
2384,2024-10-16,22.93,22.67,23.34,22.24,521696.0,1187012371.77,4.69,-3.24,-0.76,3.76
2384,2024-10-17,22.78,22.62,23.41,22.45,556002.0,1282833967.3,4.23,-0.22,-0.05,4.01
2384,2024-10-18,22.62,24.44,24.89,22.53,1098915.0,2660183112.05,10.43,8.05,1.82,7.93
2384,2024-10-21,24.87,25.38,26.49,24.71,1063044.0,2728232048.81,7.28,3.85,0.94,7.67
2384,2024-10-22,25.14,25.86,26.87,24.48,960667.0,2471823670.88,9.42,1.89,0.48,6.93
2384,2024-10-23,25.18,25.21,25.99,24.96,569633.0,1452302645.19,3.98,-2.51,-0.65,4.11
2384,2024-10-24,24.8,25.66,25.93,24.47,777007.0,1962007524.9,5.79,1.79,0.45,5.6
2384,2024-10-25,25.99,25.2,26.91,25.02,972276.0,2532109060.18,7.37,-1.79,-0.46,7.01
2384,2024-10-28,25.28,26.03,26.81,25.28,967300.0,2531266096.69,6.07,3.29,0.83,6.98
2384,2024-10-29,26.23,28.02,28.63,26.06,1507922.0,4200951753.26,9.87,7.65,1.99,10.88
2384,2024-10-30,27.54,28.63,29.4,27.33,1222860.0,3505827084.82,7.39,2.18,0.61,8.82
2384,2024-10-31,28.66,31.41,31.5,27.7,1631852.0,4913341633.66,13.27,9.71,2.78,11.77
2384,2024-11-01,31.03,31.43,33.76,30.23,1791035.0300000007,6331644861.87,11.24,0.06,0.02,12.529500000000006
2384,2024-11-04,31.24,31.92,33.05,30.09,1690541.0,5313728486.9,9.42,1.56,0.49,12.19
2384,2024-11-05,33.43,35.12,35.12,32.53,1695426.0,5832122575.27,8.11,10.03,3.2,12.23
2384,2024-11-06,36.38,34.28,37.31,33.38,1791035.0300000007,8066377301.21,11.19,-2.39,-0.84,12.529500000000006
2384,2024-11-07,33.3,33.28,34.03,31.67,1761219.0,5799962530.35,6.88,-2.92,-1.0,12.529500000000006
2384,2024-11-08,33.43,30.58,34.61,30.17,1791035.0300000007,7240410679.22,13.34,-8.11,-2.7,12.529500000000006
2384,2024-11-11,30.53,31.02,32.53,30.23,1791035.0300000007,5640037595.37,7.52,1.44,0.44,12.529500000000006
2384,2024-11-12,31.08,29.63,31.64,29.25,1726700.0,5245218894.63,7.7,-4.48,-1.39,12.46
2384,2024-11-13,29.12,29.95,30.38,28.61,1255604.0,3712365662.09,5.97,1.08,0.32,9.06
2384,2024-11-14,29.64,30.57,31.93,29.64,1784801.0,5532830342.56,7.65,2.07,0.62,12.529500000000006
2384,2024-11-15,30.48,30.03,31.65,29.94,1462496.0,4528243670.93,5.59,-1.77,-0.54,10.55
2384,2024-11-18,28.94,27.19,29.39,27.02,1405927.0,3917737919.66,7.89,-9.2766,-2.84,10.14
2384,2024-11-19,27.03,27.83,28.01,26.89,953981.0,2628320809.79,4.12,2.35,0.64,6.88
2384,2024-11-20,27.75,27.4,27.78,26.95,968494.0,2650386982.81,2.98,-1.55,-0.43,6.99
2384,2024-11-21,27.32,26.73,27.32,26.46,1122319.0,3008221420.6,3.14,-2.45,-0.67,8.1
2384,2024-11-22,26.79,25.43,27.18,25.43,1017603.0,2678955636.77,6.55,-4.86,-1.3,7.34
2384,2024-11-25,25.3,24.96,25.42,24.43,766800.0,1911888533.96,3.89,-1.85,-0.47,5.53
2384,2024-11-26,24.82,24.55,25.21,24.49,564806.0,1404624283.08,2.88,-1.64,-0.41,4.07
2384,2024-11-27,24.58,26.42,26.81,23.84,1491476.0,3827321346.63,12.1,7.62,1.87,10.76
2384,2024-11-28,26.2,25.41,26.23,25.33,903002.0,2322772620.77,3.41,-3.82,-1.01,6.51
2384,2024-11-29,25.6,25.57,26.23,25.13,1022285.0,2633099333.4,4.33,0.63,0.16,7.37
2384,2024-12-02,25.94,26.59,27.22,25.79,1228510.0,3290088858.55,5.59,3.99,1.02,8.86
2384,2024-12-03,26.61,26.67,26.98,26.21,1027479.0,2739644860.28,2.9,0.3,0.08,7.41
2384,2024-12-04,26.43,26.02,26.69,25.83,741952.0,1947471348.47,3.22,-2.44,-0.65,5.35
2384,2024-12-05,25.94,26.19,26.71,25.77,638386.0,1678250684.98,3.61,0.65,0.17,4.6
2384,2024-12-06,26.03,27.28,27.41,25.87,1208848.0,3263929751.59,5.88,4.16,1.09,8.72
2384,2024-12-09,27.35,26.84,27.43,26.38,865216.0,2331228437.33,3.85,-1.61,-0.44,6.24
2384,2024-12-10,27.73,28.33,29.21,27.13,1465736.0,4134592014.99,7.75,5.55,1.49,10.57
2384,2024-12-11,28.08,28.97,29.38,27.96,1031248.0,2969572702.28,5.01,2.26,0.64,7.44
2384,2024-12-12,28.93,28.81,29.32,28.14,702770.0,2019121272.26,4.07,-0.55,-0.16,5.07
2384,2024-12-13,28.33,27.61,28.66,27.53,774552.0,2171127951.49,3.92,-4.17,-1.2,5.59
2384,2024-12-16,27.7,26.97,27.99,26.78,599153.0,1635323790.23,4.38,-2.32,-0.64,4.32
2384,2024-12-17,26.96,27.45,28.38,26.89,783247.0,2182136134.02,5.52,1.78,0.48,5.65
2384,2024-12-18,27.55,27.49,28.01,27.21,544949.0,1505956613.5,2.91,0.15,0.04,3.93
2384,2024-12-19,26.94,29.35,29.85,26.86,1140321.0,3280176633.39,10.88,6.77,1.86,8.23
2384,2024-12-20,29.16,29.68,30.43,29.1,866093.0,2578018530.98,4.53,1.12,0.33,6.25
2384,2024-12-23,29.7,28.85,29.85,28.78,603488.0,1765473634.32,3.61,-2.8,-0.83,4.35
2384,2024-12-24,28.93,30.34,30.41,28.58,979337.0,2919663551.53,6.34,5.16,1.49,7.06
2384,2024-12-25,30.38,30.24,31.38,29.84,909659.0,2788446180.74,5.08,-0.33,-0.1,6.56
2384,2024-12-26,30.5,31.59,31.59,30.11,941400.0,2914629914.78,4.89,4.46,1.35,6.79
2384,2024-12-27,31.62,30.64,31.9,30.09,898630.0,2806298890.38,5.73,-3.01,-0.95,6.48
2384,2024-12-30,30.36,30.82,31.17,30.04,535371.0,1645109442.93,3.69,0.59,0.18,3.86
2384,2024-12-31,30.79,29.13,30.92,29.13,821302.0,2442819877.45,5.81,-5.48,-1.69,5.92
2625,2024-01-02,14.51,14.5,14.77,14.43,189010.0,280378158.3,2.34,-0.34,-0.05,1.06
2625,2024-01-03,14.33,14.38,14.62,14.25,139856.0,204445282.47,2.55,-0.83,-0.12,0.79
2625,2024-01-04,14.35,14.14,14.42,14.03,127606.0,183705260.0,2.71,-1.67,-0.24,0.72
2625,2024-01-05,14.13,13.79,14.2,13.73,131748.0,186338585.37,3.32,-2.48,-0.35,0.74
2625,2024-01-08,13.79,13.42,13.87,13.41,130920.0,180592134.88,3.34,-2.68,-0.37,0.74
2625,2024-01-09,13.5,13.54,13.68,13.39,119150.0,163989394.98,2.16,0.89,0.12,0.67
2625,2024-01-10,13.54,13.53,13.73,13.29,109446.08,147736888.14,3.25,-0.07,-0.01,0.6
2625,2024-01-11,13.53,13.74,13.81,13.48,122068.0,169397557.68,2.44,1.55,0.21,0.69
2625,2024-01-12,13.72,13.75,13.84,13.64,109446.08,146852550.98,1.46,0.07,0.01,0.59
2625,2024-01-15,13.68,13.46,13.68,13.44,109446.08,130979826.04,1.75,-2.11,-0.29,0.54
2625,2024-01-16,13.42,13.28,13.53,13.11,112561.0,152203477.7,3.12,-1.34,-0.18,0.63
2625,2024-01-17,13.35,12.85,13.35,12.85,109446.08,142399159.52,3.77,-3.24,-0.43,0.6
2625,2024-01-18,12.74,12.65,12.81,12.22,191270.0,242559985.24,4.59,-1.56,-0.2,1.08
2625,2024-01-19,12.6,12.4,12.67,12.34,109446.08,137361338.79,2.61,-1.98,-0.25,0.61
2625,2024-01-22,12.42,11.67,12.43,11.66,162553.0,198902468.53,6.21,-5.89,-0.73,0.91
2625,2024-01-23,11.71,12.6,12.7,11.66,245020.0,307661891.23,8.91,7.97,0.93,1.38
2625,2024-01-24,12.6,12.54,12.69,12.06,160064.0,201945137.47,5.0,-0.48,-0.06,0.9
2625,2024-01-25,12.51,12.73,12.82,12.41,164558.0,212188782.59,3.27,1.52,0.19,0.93
2625,2024-01-26,12.72,12.55,12.72,12.47,114611.0,147037128.44,1.96,-1.41,-0.18,0.64
2625,2024-01-29,12.65,12.24,12.79,12.23,140229.0,178564613.9,4.46,-2.47,-0.31,0.79
2625,2024-01-30,12.13,12.04,12.43,12.04,118590.0,147582010.59,3.19,-1.63,-0.2,0.67
2625,2024-01-31,12.11,11.69,12.12,11.57,152065.0,183563044.91,4.57,-2.91,-0.35,0.86
2625,2024-02-01,11.55,11.55,11.9,11.38,146556.0,173673100.67,4.45,-1.2,-0.14,0.82
2625,2024-02-02,11.57,10.94,11.77,10.63,224825.0,255821878.5,9.87,-5.28,-0.61,1.27
2625,2024-02-05,10.83,10.18,10.93,9.91,318064.0,337459423.51,9.32,-6.95,-0.76,1.79
2625,2024-02-06,10.14,11.22,11.22,9.98,229134.0,254827375.0,12.18,10.22,1.04,1.29
2625,2024-02-07,11.7,12.37,12.37,11.45,228972.0,283540223.72,8.2,10.25,1.15,1.29
2625,2024-02-08,13.19,13.63,13.63,13.0,228215.0,313767273.7,5.09,10.19,1.26,1.28
2625,2024-02-19,14.77,14.12,14.77,13.72,814056.0,1171959577.92,7.7,3.6,0.49,4.58
2625,2024-02-20,13.77,13.59,14.26,13.43,392739.0,546248801.86,5.88,-3.75,-0.53,2.21
2625,2024-02-21,13.47,13.5,13.89,13.43,288706.0,400568894.3,3.38,-0.66,-0.09,1.62
2625,2024-02-22,13.39,13.67,13.85,13.39,223073.0,309399944.81,3.41,1.26,0.17,1.26
2625,2024-02-23,13.76,13.67,13.81,13.55,204954.0,284556324.63,1.9,0.0,0.0,1.15
2625,2024-02-26,13.67,13.81,13.97,13.67,250903.0,352465538.4,2.19,1.02,0.14,1.41
2625,2024-02-27,13.87,14.16,14.21,13.73,293252.0,418067663.06,3.48,2.53,0.35,1.65
2625,2024-02-28,14.1,13.67,14.43,13.61,342705.0,491538399.43,5.79,-3.46,-0.49,1.93
2625,2024-02-29,13.58,14.6,14.6,13.54,342244.0,492682559.47,7.75,6.8,0.93,1.93
2625,2024-03-01,14.5,15.04,15.1,14.45,438221.0,662110923.45,4.45,3.01,0.44,2.47
2625,2024-03-04,15.04,14.92,15.32,14.82,293256.0,446819870.02,3.32,-0.8,-0.12,1.65
2625,2024-03-05,14.83,14.72,15.09,14.6,249873.0,376410946.22,3.28,-1.34,-0.2,1.41
2625,2024-03-06,14.7,14.76,15.02,14.42,213359.0,317851068.34,4.08,0.27,0.04,1.2
2625,2024-03-07,14.78,14.17,14.84,14.14,235676.0,345640066.82,4.74,-4.0,-0.59,1.33
2625,2024-03-08,14.27,14.38,14.48,14.2,167474.0,243787586.29,1.98,1.48,0.21,0.94
2625,2024-03-11,14.3,14.64,14.67,14.27,227666.0,335142920.5,2.78,1.81,0.26,1.28
2625,2024-03-12,14.67,14.64,14.83,14.47,148836.0,221325744.3,2.46,0.0,0.0,0.84
2625,2024-03-13,14.74,14.61,14.78,14.49,142021.0,211119462.23,1.98,-0.2,-0.03,0.8
2625,2024-03-14,14.58,14.29,14.59,14.17,170165.0,248369574.2,2.87,-2.19,-0.32,0.96
2625,2024-03-15,14.3,14.53,14.53,14.18,162887.0,237567283.08,2.45,1.68,0.24,0.92
2625,2024-03-18,15.77,15.55,16.01,15.35,755387.0,1204677710.82,4.54,7.02,1.02,4.25
2625,2024-03-19,15.44,15.31,15.64,15.29,390138.0,610653498.34,2.25,-1.54,-0.24,2.2
2625,2024-03-20,15.45,16.16,16.17,15.39,607820.0,974288776.73,5.09,5.55,0.85,3.42
2625,2024-03-21,16.16,15.93,16.61,15.85,497991.0,816310205.62,4.7,-1.42,-0.23,2.8
2625,2024-03-22,16.11,17.12,17.31,15.89,838872.0,1421068785.78,8.91,7.47,1.19,4.72
2625,2024-03-25,17.07,17.12,17.65,16.47,653534.0,1126167036.34,6.89,0.0,0.0,3.68
2625,2024-03-26,16.88,17.99,18.26,16.69,742270.0,1317196366.86,9.17,5.08,0.87,4.18
2625,2024-03-27,17.79,18.67,19.56,17.64,1068003.0,2018166712.03,10.67,3.78,0.68,6.01
2625,2024-03-28,18.78,20.05,20.56,18.33,1498700.0,2954898241.09,11.94,7.39,1.38,8.43
2625,2024-03-29,20.77,22.08,22.08,20.56,873580.0,1918856725.49,7.58,10.12,2.03,4.92
2625,2024-04-01,23.96,22.66,24.31,21.89,1791035.0300000007,5220546688.77,10.96,2.63,0.58,12.529500000000006
2625,2024-04-02,22.2,20.37,22.42,20.37,1715393.0,3702005076.27,9.05,-9.2766,-2.29,9.65
2625,2024-04-03,19.34,19.38,20.73,19.23,1285271.0,2564220792.66,7.36,-4.86,-0.99,7.23
2625,2024-04-08,19.17,18.52,19.72,18.43,976123.0,1866370347.1,6.66,-4.44,-0.86,5.49
2625,2024-04-09,18.75,18.46,18.98,18.25,686881.0,1294211917.53,3.94,-0.32,-0.06,3.86
2625,2024-04-10,18.27,18.53,18.82,17.82,955117.0,1772371662.87,5.42,0.38,0.07,5.37
2625,2024-04-11,18.19,18.14,18.76,18.05,644463.0,1195449072.49,3.83,-2.1,-0.39,3.63
2625,2024-04-12,18.07,18.38,18.87,18.07,739139.0,1388506904.38,4.41,1.32,0.24,4.16
2625,2024-04-15,18.51,18.74,19.15,18.37,745458.0,1415674305.35,4.24,1.96,0.36,4.19
2625,2024-04-16,18.43,16.96,18.43,16.96,1114439.0,1974391492.7,7.84,-9.2766,-1.78,6.27
2625,2024-04-17,17.41,17.96,18.01,17.4,643438.0,1156121431.96,3.6,5.9,1.0,3.62
2625,2024-04-18,17.97,18.21,18.73,17.82,746499.0,1385547520.57,5.07,1.39,0.25,4.2
2625,2024-04-19,18.04,18.97,18.99,18.04,977332.0,1841603616.1,5.22,4.17,0.76,5.5
2625,2024-04-22,18.95,17.84,18.95,17.81,770410.0,1419146348.58,6.01,-5.96,-1.13,4.33
2625,2024-04-23,17.77,17.69,18.51,17.68,480776.0,875270612.33,4.65,-0.84,-0.15,2.71
2625,2024-04-24,17.67,18.51,18.53,17.62,595283.0,1098360188.76,5.14,4.64,0.82,3.35
2625,2024-04-25,18.41,18.19,18.66,18.0,473980.0,877915613.18,3.57,-1.73,-0.32,2.67
2625,2024-04-26,18.22,18.75,18.97,18.17,728754.0,1377439533.37,4.4,3.08,0.56,4.1
2625,2024-04-29,18.71,20.21,20.65,18.57,1108618.0,2215382583.95,11.09,7.79,1.46,6.24
2625,2024-04-30,20.05,19.38,20.06,19.12,741057.0,1458207923.81,4.65,-4.11,-0.83,4.17
2625,2024-05-06,19.84,20.55,21.09,19.65,791257.0,1632485987.15,7.43,6.04,1.17,4.45
2625,2024-05-07,20.37,20.51,20.88,20.32,560083.0,1166207129.01,2.73,-0.19,-0.04,3.15
2625,2024-05-08,20.35,19.52,20.41,19.48,593859.0,1186390973.35,4.53,-4.83,-0.99,3.34
2625,2024-05-09,19.76,19.67,19.97,19.43,398763.0,794685838.89,2.77,0.77,0.15,2.24
2625,2024-05-10,19.69,19.23,19.76,19.09,383625.0,749668533.1,3.41,-2.24,-0.44,2.16
2625,2024-05-13,19.07,18.74,19.12,18.47,376060.0,714731014.83,3.38,-2.55,-0.49,2.12
2625,2024-05-14,18.77,18.63,18.92,18.45,287269.0,541045922.28,2.51,-0.59,-0.11,1.62
2625,2024-05-15,18.63,18.58,18.74,18.34,221290.0,416356314.04,2.15,-0.27,-0.05,1.25
2625,2024-05-16,18.62,18.45,18.9,18.42,286016.0,538973316.78,2.58,-0.7,-0.13,1.61
2625,2024-05-17,18.37,18.85,18.96,18.21,436537.0,825496319.76,4.07,2.17,0.4,2.46
2625,2024-05-20,18.87,18.65,19.03,18.47,313332.0,592091155.04,2.97,-1.06,-0.2,1.76
2625,2024-05-21,18.51,18.39,18.56,18.24,243987.0,453590610.87,1.72,-1.39,-0.26,1.37
2625,2024-05-22,18.45,18.47,18.6,18.16,258178.0,480325174.0,2.39,0.44,0.08,1.45
2625,2024-05-23,18.57,18.7,18.92,18.23,425827.0,800971691.9,3.74,1.25,0.23,2.4
2625,2024-05-24,18.67,17.93,18.67,17.89,364197.0,669349309.57,4.17,-4.12,-0.77,2.05
2625,2024-05-27,18.05,18.33,18.74,18.05,287047.0,533268548.77,3.85,2.23,0.4,1.62
2625,2024-05-28,18.2,17.86,18.34,17.83,230360.0,421184514.2,2.78,-2.56,-0.47,1.3
2625,2024-05-29,17.8,17.81,17.99,17.68,210111.0,379550444.62,1.74,-0.28,-0.05,1.18
2625,2024-05-30,17.72,17.75,17.98,17.53,201094.0,362660364.35,2.53,-0.34,-0.06,1.13
2625,2024-05-31,17.75,18.0,18.1,17.75,228121.0,415032457.64,1.97,1.41,0.25,1.28
2625,2024-06-03,18.0,17.76,18.04,17.52,229977.0,414394343.12,2.89,-1.33,-0.24,1.29
2625,2024-06-04,17.7,18.05,18.07,17.59,214166.0,388468889.91,2.7,1.63,0.29,1.21
2625,2024-06-05,18.0,17.87,18.28,17.87,224727.0,411858924.07,2.27,-1.0,-0.18,1.26
2625,2024-06-06,17.92,17.34,17.97,17.34,306102.0,544401555.08,3.53,-2.97,-0.53,1.72
2625,2024-06-07,17.47,17.31,17.7,17.13,179443.0,316122249.35,3.29,-0.17,-0.03,1.01
2625,2024-06-11,17.22,17.58,17.65,17.0,186497.0,328368282.4,3.76,1.56,0.27,1.05
2625,2024-06-12,17.56,18.0,18.14,17.51,210718.0,382815708.92,3.58,2.39,0.42,1.19
2625,2024-06-13,18.07,18.14,18.33,17.95,190610.0,349981839.07,2.11,0.78,0.14,1.07
2625,2024-06-14,18.06,17.95,18.11,17.82,176940.0,321537201.56,1.6,-1.05,-0.19,1.0
2625,2024-06-17,17.92,18.12,18.36,17.87,176094.0,323511094.64,2.73,0.95,0.17,0.99
2625,2024-06-18,18.08,18.42,18.59,18.02,286606.0,533882420.15,3.15,1.66,0.3,1.61
2625,2024-06-19,18.42,18.07,18.42,18.02,214154.0,393812113.62,2.17,-1.9,-0.35,1.2
2625,2024-06-20,18.0,17.56,18.16,17.54,236740.0,426375411.69,3.43,-2.82,-0.51,1.33
2625,2024-06-21,17.53,17.52,17.73,17.45,153528.0,273726187.4,1.59,-0.23,-0.04,0.86
2625,2024-06-24,17.33,16.99,17.62,16.97,232237.0,405518547.03,3.71,-3.03,-0.53,1.31
2625,2024-06-25,16.94,16.73,17.26,16.55,210451.0,360276857.6,4.18,-1.53,-0.26,1.18
2625,2024-06-26,16.73,17.25,17.26,16.55,175398.0,301003670.0,4.24,3.11,0.52,0.99
2625,2024-06-27,17.17,16.86,17.21,16.78,138765.0,238932264.2,2.49,-2.26,-0.39,0.78
2625,2024-06-28,16.93,17.12,17.32,16.87,197904.0,344684326.0,2.67,1.54,0.26,1.11
2625,2024-07-01,17.17,17.12,17.2,16.88,125600.0,216740481.1,1.87,0.0,0.0,0.71
2625,2024-07-02,17.16,16.81,17.18,16.69,149456.0,255627207.39,2.86,-1.81,-0.31,0.84
2625,2024-07-03,16.68,16.56,16.8,16.5,127691.0,214818955.0,1.78,-1.49,-0.25,0.72
2625,2024-07-04,16.54,16.37,16.8,16.37,139868.0,235225803.09,2.6,-1.15,-0.19,0.79
2625,2024-07-05,16.34,16.65,16.69,16.07,158091.0,263390743.76,3.79,1.71,0.28,0.89
2625,2024-07-08,16.8,16.48,16.82,16.38,126009.0,211865470.07,2.64,-1.02,-0.17,0.71
2625,2024-07-09,16.39,16.99,17.03,16.38,204830.0,348045063.26,3.94,3.09,0.51,1.15
2625,2024-07-10,16.95,16.98,17.15,16.88,129705.0,223625757.36,1.59,-0.06,-0.01,0.73
2625,2024-07-11,17.3,17.18,17.35,17.02,159612.0,278170067.63,1.94,1.18,0.2,0.9
2625,2024-07-12,17.15,17.27,17.36,16.94,148732.0,258727768.02,2.44,0.52,0.09,0.84
2625,2024-07-15,17.17,16.82,17.24,16.78,134607.0,231514462.37,2.66,-2.61,-0.45,0.76
2625,2024-07-16,16.7,16.99,16.99,16.65,123194.0,210439429.49,2.02,1.01,0.17,0.69
2625,2024-07-17,16.98,16.69,17.01,16.68,127940.0,217335624.79,1.94,-1.77,-0.3,0.72
2625,2024-07-18,16.6,16.86,16.97,16.22,209307.0,352390160.03,4.49,1.02,0.17,1.18
2625,2024-07-19,16.81,17.04,17.31,16.71,193589.0,335186960.52,3.56,1.07,0.18,1.09
2625,2024-07-22,16.98,17.01,17.26,16.94,138931.0,240654578.44,1.88,-0.18,-0.03,0.78
2625,2024-07-23,17.02,16.28,17.06,16.27,190895.0,322328202.8,4.64,-4.29,-0.73,1.07
2625,2024-07-24,16.37,16.52,17.16,16.3,258722.0,439267515.29,5.28,1.47,0.24,1.46
2625,2024-07-25,16.4,16.38,16.7,16.17,167339.0,278019081.9,3.21,-0.85,-0.14,0.94
2625,2024-07-26,16.4,17.05,17.19,16.4,330438.0,568178229.03,4.82,4.09,0.67,1.86
2625,2024-07-29,17.12,17.03,17.17,16.8,196809.0,338604857.89,2.17,-0.12,-0.02,1.11
2625,2024-07-30,16.93,17.27,17.42,16.57,309796.0,534255778.7,4.99,1.41,0.24,1.74
2625,2024-07-31,17.17,17.77,17.87,17.09,364796.0,647243342.71,4.52,2.9,0.5,2.05
2625,2024-08-01,17.77,17.7,17.87,17.63,254247.0,456906018.17,1.35,-0.39,-0.07,1.43
2625,2024-08-02,17.47,17.47,18.05,17.42,285371.0,512558877.73,3.56,-1.3,-0.23,1.61
2625,2024-08-05,17.28,16.56,17.66,16.56,332280.0,573856179.5,6.3,-5.21,-0.91,1.87
2625,2024-08-06,16.73,17.09,17.29,16.72,260832.0,450158155.92,3.44,3.2,0.53,1.47
2625,2024-08-07,17.09,17.05,17.27,16.92,158944.0,275445926.6,2.05,-0.23,-0.04,0.89
2625,2024-08-08,16.97,16.66,17.01,16.43,220890.0,372600552.12,3.4,-2.29,-0.39,1.24
2625,2024-08-09,16.75,16.63,17.01,16.63,115111.0,195830832.24,2.28,-0.18,-0.03,0.65
2625,2024-08-12,16.44,16.41,16.72,16.24,133912.0,222274358.2,2.89,-1.32,-0.22,0.75
2625,2024-08-13,16.37,16.27,16.54,16.07,135887.0,224113534.17,2.86,-0.85,-0.14,0.76
2625,2024-08-14,16.26,15.99,16.32,15.96,126751.0,206710294.66,2.21,-1.72,-0.28,0.71
2625,2024-08-15,15.95,16.06,16.29,15.92,132894.0,216872156.0,2.31,0.44,0.07,0.75
2625,2024-08-16,16.1,15.69,16.15,15.62,191475.0,307376387.64,3.3,-2.3,-0.37,1.08
2625,2024-08-19,15.62,15.75,15.95,15.62,112253.0,179892623.6,2.1,0.38,0.06,0.63
2625,2024-08-20,15.98,15.81,16.56,15.77,257109.0,420232631.34,5.02,0.38,0.06,1.45
2625,2024-08-21,15.73,16.02,16.16,15.67,159519.0,258667346.47,3.1,1.33,0.21,0.9
2625,2024-08-22,16.07,15.67,16.14,15.62,130378.0,208694765.26,3.25,-2.18,-0.35,0.73
2625,2024-08-23,15.58,15.73,15.82,15.43,109446.08,165170476.78,2.49,0.38,0.06,0.59
2625,2024-08-26,15.75,15.81,15.97,15.57,109446.08,153597590.8,2.54,0.51,0.08,0.54
2625,2024-08-27,15.8,15.44,15.81,15.4,109446.08,165735051.0,2.59,-2.34,-0.37,0.59
2625,2024-08-28,16.15,15.85,16.21,15.78,196504.0,318476246.8,2.78,2.66,0.41,1.11
2625,2024-08-29,15.74,16.19,16.37,15.66,219200.0,356950989.5,4.48,2.15,0.34,1.23
2625,2024-08-30,16.37,17.22,17.45,16.37,409767.0,712409142.94,6.67,6.36,1.03,2.31
2625,2024-09-02,17.14,16.75,17.21,16.75,203349.0,349179697.02,2.67,-2.73,-0.47,1.14
2625,2024-09-03,16.76,17.0,17.11,16.73,147483.0,253257198.81,2.27,1.49,0.25,0.83
2625,2024-09-04,16.96,17.07,17.29,16.9,149554.0,258999916.05,2.29,0.41,0.07,0.84
2625,2024-09-05,17.05,17.05,17.19,17.0,110213.0,190881603.3,1.11,-0.12,-0.02,0.62
2625,2024-09-06,17.12,16.89,17.23,16.84,124796.0,215496595.0,2.29,-0.94,-0.16,0.7
2625,2024-09-09,17.32,17.46,17.7,17.21,329562.0,583472847.37,2.9,3.37,0.57,1.85
2625,2024-09-10,17.49,18.81,19.02,17.49,556876.0,1033613060.83,8.76,7.73,1.35,3.13
2625,2024-09-11,18.77,19.01,19.15,18.65,372074.0,714175537.36,2.66,1.06,0.2,2.09
2625,2024-09-12,19.0,18.7,19.33,18.69,378403.0,726946653.67,3.37,-1.63,-0.31,2.13
2625,2024-09-13,18.75,18.57,19.08,18.56,226565.0,430343312.84,2.78,-0.7,-0.13,1.27
2625,2024-09-18,19.07,19.71,20.15,18.87,536489.0,1065311316.66,6.89,6.14,1.14,3.02
2625,2024-09-19,19.52,19.06,19.59,18.97,440881.0,856402440.64,3.15,-3.3,-0.65,2.48
2625,2024-09-20,18.88,18.84,19.22,18.73,279917.0,535258012.61,2.57,-1.15,-0.22,1.58
2625,2024-09-23,18.93,18.87,19.12,18.77,189773.0,363813424.6,1.86,0.16,0.03,1.07
2625,2024-09-24,18.96,19.39,19.51,18.82,363197.0,706614222.74,3.66,2.76,0.52,2.04
2625,2024-09-25,19.43,20.15,20.41,19.43,498116.0,1008580490.37,5.05,3.92,0.76,2.8
2625,2024-09-26,20.15,21.22,21.22,20.07,493576.0,1031625803.33,5.71,5.31,1.07,2.78
2625,2024-09-27,21.67,22.48,22.77,21.38,609620.0,1352223976.92,6.55,5.94,1.26,3.43
2625,2024-09-30,23.67,24.75,24.75,23.67,568372.0,1399385289.23,4.8,10.1,2.27,3.2
2625,2024-10-08,27.25,27.25,27.25,27.25,109446.08,236287494.48,0.0,10.1,2.5,0.54
2625,2024-10-09,28.77,27.8,30.0,27.7,1791035.0300000007,6718417900.26,8.44,2.02,0.55,12.529500000000006
2625,2024-10-10,26.57,26.45,28.27,25.12,1539648.0,4128939164.74,11.33,-4.86,-1.35,8.66
2625,2024-10-11,26.47,26.67,27.67,25.43,899861.0,2408140444.37,8.47,0.83,0.22,5.06
2625,2024-10-14,27.9,27.84,28.25,26.51,985990.0,2721050678.98,6.52,4.39,1.17,5.55
2625,2024-10-15,27.67,30.27,30.65,27.42,1627278.0,4927202116.98,11.6,8.73,2.43,9.16
2625,2024-10-16,30.27,28.42,30.94,27.57,1593136.0,4636285381.61,11.13,-6.11,-1.85,8.96
2625,2024-10-17,29.1,31.26,31.26,28.51,1098229.0,3378968686.52,9.68,9.99,2.84,6.18
2625,2024-10-18,32.51,33.5,34.25,31.02,1736377.0,5654917388.09,10.33,7.17,2.24,9.77
2625,2024-10-21,35.83,36.85,36.85,35.18,605853.0,2200017866.79,4.99,10.0,3.35,3.41
2625,2024-10-22,38.28,36.96,39.69,35.5,1791035.0300000007,8197135292.65,11.37,0.3,0.11,12.32
2625,2024-10-23,36.29,40.66,40.66,36.23,1174265.0,4654489434.63,11.99,10.01,3.7,6.61
2625,2024-10-24,39.86,38.21,39.86,36.68,1791035.0300000007,7160072300.35,7.82,-6.03,-2.45,10.61
2625,2024-10-25,38.8,38.81,41.88,37.76,1571978.0,6194629273.3,10.78,1.57,0.6,8.85
2625,2024-10-28,38.97,42.59,42.69,38.97,1727923.0,7108168402.19,9.59,9.74,3.78,9.72
2625,2024-10-29,40.94,40.88,43.3,40.5,1444068.0,5992612778.11,6.57,-4.02,-1.71,8.13
2625,2024-10-30,40.5,41.1,42.15,39.73,1085710.0,4454245641.41,5.92,0.54,0.22,6.11
2625,2024-10-31,42.01,42.5,44.37,41.38,1358931.0,5832318479.96,7.27,3.41,1.4,7.65
2625,2024-11-01,42.6,39.55,43.71,39.18,1333019.0,5459787511.9,10.66,-6.94,-2.95,7.5
2625,2024-11-04,40.36,40.69,42.1,40.0,970515.0,3995116677.31,5.31,2.88,1.14,5.46
2625,2024-11-05,40.77,44.76,44.76,40.77,1354858.0,5864110172.24,9.81,10.0,4.07,7.62
2625,2024-11-06,46.5,47.5,48.22,45.64,1367674.0,6439977226.72,5.76,6.12,2.74,7.7
2625,2024-11-07,46.73,45.57,48.14,44.72,1090997.0,4983956885.02,7.2,-4.06,-1.93,6.14
2625,2024-11-08,45.66,48.87,49.9,45.66,1118183.0,5404887818.62,9.3,7.24,3.3,6.29
2625,2024-11-11,50.05,49.45,50.58,48.0,916499.0,4521006185.07,5.28,1.19,0.58,5.16
2625,2024-11-12,49.45,48.49,50.28,47.37,794697.0,3850554653.92,5.88,-1.94,-0.96,4.47
2625,2024-11-13,48.99,47.92,49.1,46.0,729640.0,3441685529.84,6.39,-1.18,-0.57,4.11
2625,2024-11-14,48.52,46.25,49.0,45.99,598086.0,2823353603.58,6.28,-3.48,-1.67,3.37
2625,2024-11-15,45.8,41.63,45.81,41.63,1252402.0,5334739336.77,9.04,-9.2766,-4.62,7.05
2625,2024-11-18,40.81,37.86,41.35,37.47,1415869.0,5526863347.57,9.32,-9.06,-3.77,7.97
2625,2024-11-19,37.7,38.91,39.25,37.37,952285.0,3649402008.06,4.97,2.77,1.05,5.36
2625,2024-11-20,39.01,40.37,41.39,38.44,904135.0,3650426406.11,7.58,3.75,1.46,5.09
2625,2024-11-21,39.89,39.96,40.89,39.2,613185.0,2463462547.64,4.19,-1.02,-0.41,3.45
2625,2024-11-22,40.16,39.4,41.33,39.36,733857.0,2970518432.22,4.93,-1.4,-0.56,4.13
2625,2024-11-25,39.8,40.05,40.44,38.22,708190.0,2796385805.56,5.63,1.65,0.65,3.98
2625,2024-11-26,39.8,38.46,40.49,38.41,540113.0,2119005871.22,5.19,-3.97,-1.59,3.04
2625,2024-11-27,37.9,39.24,39.44,37.5,487567.0,1882011763.0,5.04,2.03,0.78,2.74
2625,2024-11-28,40.0,39.4,41.18,39.4,534627.0,2150609314.38,4.54,0.41,0.16,3.01
2625,2024-11-29,39.33,40.13,40.87,38.99,507923.0,2030881777.67,4.77,1.85,0.73,2.86
2625,2024-12-02,40.29,40.65,41.29,40.29,470999.0,1919243860.77,2.49,1.3,0.52,2.65
2625,2024-12-03,40.66,40.38,41.0,39.8,377372.0,1525113120.17,2.95,-0.66,-0.27,2.12
2625,2024-12-04,39.99,39.37,40.31,39.1,342714.0,1361322374.5,3.0,-2.5,-1.01,1.93
2625,2024-12-05,39.2,40.8,41.5,39.2,571843.0,2323939616.15,5.84,3.63,1.43,3.22
2625,2024-12-06,40.9,41.6,42.58,40.85,583127.0,2438376565.66,4.24,1.96,0.8,3.28
2625,2024-12-09,42.0,41.49,42.6,40.88,391437.0,1628797885.74,4.13,-0.26,-0.11,2.2
2625,2024-12-10,43.0,41.52,43.0,41.33,455060.0,1916948589.08,4.03,0.07,0.03,2.56
2625,2024-12-11,41.1,41.43,41.75,40.83,251122.0,1037730000.11,2.22,-0.22,-0.09,1.41
2625,2024-12-12,41.59,42.73,43.0,40.89,541892.0,2274482130.04,5.09,3.14,1.3,3.05
2625,2024-12-13,42.3,41.2,43.28,41.15,477680.0,2012159649.19,4.98,-3.58,-1.53,2.69
2625,2024-12-16,41.1,41.67,42.65,41.1,399143.0,1674677682.95,3.76,1.14,0.47,2.24
2625,2024-12-17,41.7,40.4,41.7,40.18,354466.0,1443898900.32,3.65,-3.05,-1.27,1.99
2625,2024-12-18,40.92,40.3,40.93,39.8,286221.0,1151423281.28,2.8,-0.25,-0.1,1.61
2625,2024-12-19,39.62,41.7,42.05,39.42,531239.0,2194656618.53,6.53,3.47,1.4,2.99
2625,2024-12-20,42.01,43.98,45.71,41.62,768340.0,3406192018.66,9.81,5.47,2.28,4.32
2625,2024-12-23,44.29,43.96,45.59,43.6,525898.0,2340935579.98,4.52,-0.05,-0.02,2.96
2625,2024-12-24,43.66,44.12,44.48,43.16,327402.0,1434998205.73,3.0,0.36,0.16,1.84
2625,2024-12-25,44.64,44.15,44.88,43.59,326068.0,1437358644.6,2.92,0.07,0.03,1.83
2625,2024-12-26,44.3,45.2,45.88,44.18,464334.0,2097530049.97,3.85,2.38,1.05,2.61
2625,2024-12-27,46.66,48.05,49.28,46.66,797228.0,3817750454.29,5.8,6.31,2.85,4.48
2625,2024-12-30,48.18,48.14,48.48,46.88,451645.0,2161538320.85,3.33,0.19,0.09,2.54
2625,2024-12-31,47.99,47.8,49.08,47.68,496413.0,2394500270.59,2.91,-0.71,-0.34,2.79
300251,2024-01-02,7.96,7.94,8.07,7.8,304147.0,249749948.0,3.43,0.76,0.06,1.09
300251,2024-01-03,7.88,7.97,8.11,7.87,277948.0,229107610.0,3.02,0.38,0.03,1.0
300251,2024-01-04,7.94,7.9,7.97,7.83,177135.0,144336974.0,1.76,-0.88,-0.07,0.64
300251,2024-01-05,7.87,7.73,7.89,7.69,191634.0,154459015.0,2.53,-2.15,-0.17,0.69
300251,2024-01-08,7.71,7.59,7.82,7.58,180214.0,143271967.0,3.1,-1.81,-0.14,0.65
300251,2024-01-09,7.63,7.75,7.8,7.59,224183.0,178632448.0,2.77,2.11,0.16,0.8
300251,2024-01-10,7.74,7.65,7.75,7.57,206024.0,163222130.0,2.32,-1.29,-0.1,0.74
300251,2024-01-11,7.66,8.06,8.18,7.59,433972.0,356577220.0,7.71,5.36,0.41,1.56
300251,2024-01-12,8.03,8.02,8.24,7.89,325398.0,272090826.0,4.34,-0.5,-0.04,1.17
300251,2024-01-15,8.02,8.14,8.32,7.92,341924.0,288166164.0,4.99,1.5,0.12,1.23
300251,2024-01-16,8.1,7.93,8.18,7.78,307030.0,251654090.0,4.91,-2.58,-0.21,1.1
300251,2024-01-17,7.85,7.68,7.95,7.66,246716.0,199051528.0,3.66,-3.15,-0.25,0.89
300251,2024-01-18,7.63,7.86,7.88,7.46,316995.0,251313175.0,5.47,2.34,0.18,1.14
300251,2024-01-19,7.81,7.8,8.03,7.79,248804.0,203283845.0,3.05,-0.76,-0.06,0.89
300251,2024-01-22,7.78,7.36,7.82,7.25,339750.0,265021608.0,7.31,-5.64,-0.44,1.22
300251,2024-01-23,7.34,7.68,7.78,7.3,282502.0,221370443.0,6.52,4.35,0.32,1.01
300251,2024-01-24,7.77,7.79,7.89,7.61,205316.0,164344818.0,3.65,1.43,0.11,0.74
300251,2024-01-25,7.78,7.95,7.98,7.65,332594.0,270146887.0,4.24,2.05,0.16,1.19
300251,2024-01-26,7.96,7.78,7.99,7.73,300782.0,243222336.0,3.27,-2.14,-0.17,1.08
300251,2024-01-29,7.73,7.52,7.75,7.4,322363.0,251891114.0,4.5,-3.34,-0.26,1.16
300251,2024-01-30,7.48,7.36,7.48,7.3,206542.0,158063808.0,2.39,-2.13,-0.16,0.74
300251,2024-01-31,7.33,7.12,7.42,7.11,287748.0,216768521.0,4.21,-3.26,-0.24,1.03
300251,2024-02-01,7.12,6.88,7.24,6.85,358849.0,261213922.0,5.48,-3.37,-0.24,1.29
300251,2024-02-02,6.89,6.8,7.06,6.6,302084.0,215585156.0,6.69,-1.16,-0.08,1.08
300251,2024-02-05,6.73,6.54,6.76,6.23,420978.0,285977426.0,7.79,-3.82,-0.26,1.51
300251,2024-02-06,6.47,7.09,7.13,6.4,406219.0,288459305.0,11.16,8.41,0.55,1.46
300251,2024-02-07,7.14,7.45,7.52,7.04,533114.0,407080257.0,6.77,5.08,0.36,1.91
300251,2024-02-08,7.46,7.33,7.66,7.26,576787.0,448148154.0,5.37,-1.61,-0.12,2.07
300251,2024-02-19,7.71,7.72,7.96,7.62,755077.0,606530615.0,4.64,5.32,0.39,2.71
300251,2024-02-20,7.64,7.59,7.72,7.44,393319.0,309015180.0,3.63,-1.68,-0.13,1.41
300251,2024-02-21,7.55,7.58,7.77,7.49,308915.0,244013906.0,3.69,-0.13,-0.01,1.11
300251,2024-02-22,7.57,7.65,7.7,7.53,210428.0,165827127.0,2.24,0.92,0.07,0.75
300251,2024-02-23,7.75,7.92,7.95,7.64,415124.0,335446132.0,4.05,3.53,0.27,1.49
300251,2024-02-26,7.78,8.33,8.46,7.76,617576.0,523347919.0,8.84,5.18,0.41,2.22
300251,2024-02-27,8.31,8.93,9.09,8.23,663370.0,599619860.0,10.32,7.2,0.6,2.38
300251,2024-02-28,8.93,8.52,9.03,8.5,556018.0,502487602.0,5.94,-4.59,-0.41,1.99
300251,2024-02-29,8.47,8.81,8.87,8.47,458069.0,412191069.0,4.69,3.4,0.29,1.64
300251,2024-03-01,8.81,9.18,9.27,8.77,521701.0,484106814.0,5.68,4.2,0.37,1.87
300251,2024-03-04,9.34,9.66,9.77,9.26,627593.0,616354917.0,5.56,5.23,0.48,2.25
300251,2024-03-05,9.53,9.47,9.7,9.32,481203.0,469975582.0,3.93,-1.97,-0.19,1.73
300251,2024-03-06,9.38,9.41,9.58,9.16,446502.0,430179089.0,4.44,-0.63,-0.06,1.6
300251,2024-03-07,9.38,8.98,9.41,8.95,483929.0,454689874.0,4.89,-4.57,-0.43,1.74
300251,2024-03-08,8.98,9.25,9.33,8.96,309611.0,293206986.0,4.12,3.01,0.27,1.11
300251,2024-03-11,9.18,9.27,9.31,9.03,308451.0,291799075.0,3.03,0.22,0.02,1.11
300251,2024-03-12,9.31,9.08,9.42,8.97,301459.0,284279965.0,4.85,-2.05,-0.19,1.08
300251,2024-03-13,9.12,9.23,9.39,9.04,309753.0,294576555.0,3.85,1.65,0.15,1.11
300251,2024-03-14,9.14,9.19,9.33,9.08,210060.0,198256021.0,2.71,-0.43,-0.04,0.75
300251,2024-03-15,9.1,9.31,9.48,9.08,354928.0,339568935.0,4.35,1.31,0.12,1.27
300251,2024-03-18,9.33,9.38,9.41,9.17,436686.0,417550364.0,2.58,0.75,0.07,1.57
300251,2024-03-19,9.33,9.18,9.43,9.15,293893.0,280284396.0,2.99,-2.13,-0.2,1.05
300251,2024-03-20,9.17,9.67,9.86,9.17,635912.0,629033857.0,7.52,5.34,0.49,2.28
300251,2024-03-21,9.74,9.76,10.18,9.71,582883.0,592963060.0,4.86,0.93,0.09,2.09
300251,2024-03-22,9.67,10.31,10.64,9.66,720023.0,750270548.0,10.04,5.64,0.55,2.58
300251,2024-03-25,10.16,9.8,10.29,9.63,495478.0,502086387.0,6.4,-4.95,-0.51,1.78
300251,2024-03-26,9.73,9.84,10.11,9.65,446310.0,452414699.0,4.69,0.41,0.04,1.6
300251,2024-03-27,9.81,9.79,10.03,9.58,333236.0,336227437.0,4.57,-0.51,-0.05,1.2
300251,2024-03-28,9.73,10.06,10.2,9.67,313029.0,322785376.0,5.41,2.76,0.27,1.12
300251,2024-03-29,9.97,10.41,10.44,9.78,337722.0,351893230.0,6.56,3.48,0.35,1.21
300251,2024-04-01,10.51,10.49,10.62,10.11,305156.0,323475301.0,4.9,0.77,0.08,1.09
300251,2024-04-02,10.4,9.94,10.4,9.83,383420.0,393625406.0,5.43,-5.24,-0.55,1.38
300251,2024-04-03,9.91,9.98,10.01,9.74,220330.0,223419122.0,2.72,0.4,0.04,0.79
300251,2024-04-08,9.92,9.83,10.03,9.79,178790.0,181780181.0,2.4,-1.5,-0.15,0.64
300251,2024-04-09,9.85,9.85,9.97,9.68,165962.0,167478626.0,2.95,0.2,0.02,0.6
300251,2024-04-10,9.83,9.65,9.87,9.47,225722.0,223568773.0,4.06,-2.03,-0.2,0.81
300251,2024-04-11,9.58,9.76,9.88,9.5,191402.0,192367777.0,3.94,1.14,0.11,0.69
300251,2024-04-12,9.72,9.53,9.76,9.45,245814.0,241771802.0,3.18,-2.36,-0.23,0.88
300251,2024-04-15,9.53,9.57,9.66,9.37,207045.0,203125878.0,3.04,0.42,0.04,0.74
300251,2024-04-16,9.48,9.27,9.62,9.23,209130.0,202374904.0,4.08,-3.13,-0.3,0.75
300251,2024-04-17,9.38,9.75,9.77,9.38,298790.0,295026197.0,4.21,5.18,0.48,1.07
300251,2024-04-18,9.69,9.55,9.75,9.52,217150.0,214834150.0,2.36,-2.05,-0.2,0.78
300251,2024-04-19,9.53,9.63,9.87,9.52,230076.0,228568578.0,3.66,0.84,0.08,0.83
300251,2024-04-22,9.65,8.98,9.65,8.91,681715.0,639660359.0,7.68,-6.75,-0.65,2.45
300251,2024-04-23,9.02,9.28,9.39,9.02,387628.0,367895028.0,4.12,3.34,0.3,1.39
300251,2024-04-24,9.18,8.7,9.27,8.5,905506.0,815562221.0,8.3,-6.25,-0.58,3.25
300251,2024-04-25,8.85,8.72,8.91,8.53,474455.0,428704604.0,4.37,0.23,0.02,1.7
300251,2024-04-26,8.72,8.98,9.05,8.71,409609.0,377313585.0,3.9,2.98,0.26,1.47
300251,2024-04-29,9.12,9.35,9.38,9.04,563332.0,535370606.0,3.79,4.12,0.37,2.02
300251,2024-04-30,9.35,9.09,9.39,9.04,353425.0,333040677.0,3.74,-2.78,-0.26,1.27
300251,2024-05-06,9.22,9.37,9.4,9.19,434621.0,416011934.0,2.31,3.08,0.28,1.56
300251,2024-05-07,9.31,9.32,9.67,9.28,350187.0,339710123.0,4.16,-0.53,-0.05,1.26
300251,2024-05-08,9.26,9.01,9.3,8.95,327151.0,304576988.0,3.76,-3.33,-0.31,1.17
300251,2024-05-09,9.03,8.87,9.11,8.75,503997.0,461089806.0,4.0,-1.55,-0.14,1.81
300251,2024-05-10,8.86,8.7,8.91,8.62,370868.0,332928921.0,3.27,-1.92,-0.17,1.33
300251,2024-05-13,8.63,8.82,8.92,8.52,401574.0,364358929.0,4.6,1.38,0.12,1.44
300251,2024-05-14,8.88,8.74,8.96,8.62,322102.0,290446439.0,3.85,-0.91,-0.08,1.16
300251,2024-05-15,8.73,8.67,8.89,8.64,251029.0,226603953.0,2.86,-0.8,-0.07,0.9
300251,2024-05-16,8.72,8.86,9.06,8.71,391002.0,358462596.0,4.04,2.19,0.19,1.4
300251,2024-05-17,8.83,8.74,9.01,8.62,517351.0,467169878.0,4.4,-1.35,-0.12,1.86
300251,2024-05-20,8.8,8.81,8.83,8.66,402484.0,363070107.0,1.95,0.8,0.07,1.44
300251,2024-05-21,8.78,8.9,8.99,8.78,380044.0,348890795.0,2.38,1.02,0.09,1.36
300251,2024-05-22,8.86,9.05,9.08,8.82,322675.0,299594022.0,2.92,1.69,0.15,1.16
300251,2024-05-23,9.01,8.83,9.09,8.78,376117.0,344991166.0,3.43,-2.43,-0.22,1.35
300251,2024-05-24,8.8,8.86,8.98,8.75,383690.0,350144001.0,2.6,0.34,0.03,1.38
300251,2024-05-27,9.0,8.86,9.08,8.69,372558.0,337752274.0,4.4,0.0,0.0,1.34
300251,2024-05-28,8.79,8.56,8.86,8.54,314505.0,281154897.0,3.61,-3.39,-0.3,1.13
300251,2024-05-29,8.6,8.62,8.68,8.54,224828.0,197886686.0,1.64,0.7,0.06,0.81
300251,2024-05-30,8.6,8.8,8.84,8.47,254869.0,226526781.0,4.29,2.09,0.18,0.91
300251,2024-05-31,8.79,8.89,8.91,8.73,256537.0,231669929.0,2.05,1.02,0.09,0.92
300251,2024-06-03,8.9,8.8,8.96,8.69,297105.0,267230681.0,3.04,-1.01,-0.09,1.07
300251,2024-06-04,8.8,8.94,8.95,8.71,300427.0,271174889.0,2.73,1.59,0.14,1.08
300251,2024-06-05,8.91,8.87,9.04,8.86,265870.0,243118675.0,2.01,-0.78,-0.07,0.95
300251,2024-06-06,8.91,8.67,8.98,8.64,268380.0,240217552.0,3.83,-2.25,-0.2,0.96
300251,2024-06-07,8.74,8.78,8.85,8.65,231665.0,207460901.0,2.31,1.27,0.11,0.83
300251,2024-06-11,8.6,8.79,8.85,8.48,240711.0,214162816.0,4.21,0.11,0.01,0.86
300251,2024-06-12,8.78,8.96,9.02,8.72,247090.0,225013058.0,3.41,1.93,0.17,0.89
300251,2024-06-13,8.94,8.99,9.01,8.79,316917.0,288566408.0,2.46,0.33,0.03,1.14
300251,2024-06-14,8.95,9.14,9.18,8.91,300040.0,277568827.0,3.0,1.67,0.15,1.08
300251,2024-06-17,9.2,9.1,9.24,8.9,320397.0,297636890.0,3.72,-0.44,-0.04,1.15
300251,2024-06-18,9.1,8.78,9.16,8.77,383615.0,349768619.0,4.29,-3.52,-0.32,1.38
300251,2024-06-19,8.86,8.75,8.86,8.65,248722.0,222722601.0,2.39,-0.34,-0.03,0.89
300251,2024-06-20,8.7,8.61,8.81,8.58,231810.0,205680466.0,2.63,-1.6,-0.14,0.83
300251,2024-06-21,8.59,8.62,8.7,8.53,191041.0,168464086.0,1.97,0.12,0.01,0.69
300251,2024-06-24,8.55,8.35,8.56,8.34,272725.0,235559775.0,2.55,-3.13,-0.27,0.98
300251,2024-06-25,8.35,8.21,8.42,8.08,271614.0,229564872.0,4.07,-1.68,-0.14,0.97
300251,2024-06-26,8.2,8.6,8.62,8.15,269505.0,231318391.0,5.72,4.75,0.39,0.97
300251,2024-06-27,8.52,8.42,8.62,8.38,282811.0,245283949.0,2.79,-2.09,-0.18,1.01
300251,2024-06-28,8.37,8.21,8.54,8.18,326783.0,279161030.0,4.28,-2.49,-0.21,1.17
300251,2024-07-01,8.17,8.24,8.28,8.08,197545.0,165504116.0,2.44,0.37,0.03,0.71
300251,2024-07-02,8.2,7.75,8.23,7.68,587042.0,469982536.0,6.67,-5.95,-0.49,2.11
300251,2024-07-03,7.71,7.74,7.92,7.63,296613.0,236326814.0,3.74,-0.13,-0.01,1.06
300251,2024-07-04,7.73,7.53,7.83,7.51,293105.0,228230355.0,4.13,-2.71,-0.21,1.05
300251,2024-07-05,7.54,7.71,7.75,7.52,219430.0,171467103.0,3.05,2.39,0.18,0.79
300251,2024-07-08,7.65,7.49,7.71,7.45,221784.0,171971932.0,3.37,-2.85,-0.22,0.8
300251,2024-07-09,7.47,7.49,7.56,7.28,314675.0,240273365.0,3.74,0.0,0.0,1.13
300251,2024-07-10,7.41,7.4,7.51,7.26,252175.0,191955090.0,3.34,-1.2,-0.09,0.9
300251,2024-07-11,7.5,7.48,7.6,7.42,280305.0,215984445.0,2.43,1.08,0.08,1.01
300251,2024-07-12,7.51,7.42,7.55,7.4,220848.0,169305326.0,2.01,-0.8,-0.06,0.79
300251,2024-07-15,7.4,7.49,7.56,7.39,281503.0,216385426.0,2.29,0.94,0.07,1.01
300251,2024-07-16,7.43,7.41,7.46,7.32,227545.0,172549375.0,1.87,-1.07,-0.08,0.82
300251,2024-07-17,7.39,7.41,7.49,7.37,225945.0,172457383.0,1.62,0.0,0.0,0.81
300251,2024-07-18,7.38,7.43,7.44,7.28,220970.0,167045168.0,2.16,0.27,0.02,0.79
300251,2024-07-19,7.47,7.52,7.6,7.43,328691.0,253738400.0,2.29,1.21,0.09,1.18
300251,2024-07-22,7.66,7.32,7.74,7.28,460378.0,350444468.0,6.12,-2.66,-0.2,1.65
300251,2024-07-23,7.33,7.15,7.33,7.15,352138.0,260553310.0,2.46,-2.32,-0.17,1.26
300251,2024-07-24,7.12,7.04,7.27,7.01,259522.0,190229550.0,3.64,-1.54,-0.11,0.93
300251,2024-07-25,7.02,7.12,7.24,6.93,267827.0,195310197.0,4.4,1.14,0.08,0.96
300251,2024-07-26,7.1,7.19,7.24,7.07,195735.0,144192211.0,2.39,0.98,0.07,0.7
300251,2024-07-29,7.17,7.24,7.27,7.07,231960.0,171402970.0,2.78,0.7,0.05,0.83
300251,2024-07-30,7.21,7.18,7.22,7.06,204721.0,150204593.0,2.21,-0.83,-0.06,0.73
300251,2024-07-31,7.17,7.52,7.55,7.16,358579.0,272173941.0,5.43,4.74,0.34,1.29
300251,2024-08-01,7.48,7.36,7.54,7.31,247915.0,188576268.0,3.06,-2.13,-0.16,0.89
300251,2024-08-02,7.3,7.24,7.48,7.23,267433.0,201967980.0,3.4,-1.63,-0.12,0.96
300251,2024-08-05,7.19,7.17,7.45,7.16,310244.0,232458431.0,4.01,-0.97,-0.07,1.11
300251,2024-08-06,7.29,7.25,7.35,7.15,198804.0,147841412.0,2.79,1.12,0.08,0.71
300251,2024-08-07,7.24,7.22,7.28,7.18,152915.0,113526966.0,1.38,-0.41,-0.03,0.55
300251,2024-08-08,7.18,7.26,7.32,7.04,236136.0,174372352.0,3.88,0.55,0.04,0.85
300251,2024-08-09,7.25,7.06,7.29,7.05,202617.0,148386603.0,3.31,-2.75,-0.2,0.73
300251,2024-08-12,7.05,7.04,7.11,6.95,139753.0,101150412.0,2.27,-0.28,-0.02,0.54
300251,2024-08-13,7.07,7.01,7.12,6.92,146737.0,105622142.0,2.84,-0.43,-0.03,0.54
300251,2024-08-14,7.01,7.01,7.13,6.96,181902.0,131829211.0,2.43,0.0,0.0,0.65
300251,2024-08-15,6.98,7.11,7.24,6.96,242569.0,177615971.0,3.99,1.43,0.1,0.87
300251,2024-08-16,7.09,6.95,7.12,6.94,197970.0,142432965.0,2.53,-2.25,-0.16,0.71
300251,2024-08-19,6.95,6.99,7.08,6.94,147447.0,106257347.0,2.01,0.58,0.04,0.54
300251,2024-08-20,7.0,6.94,7.05,6.87,177527.0,126692767.0,2.58,-0.72,-0.05,0.64
300251,2024-08-21,6.89,6.87,7.04,6.86,180547.0,128889424.0,2.59,-1.01,-0.07,0.65
300251,2024-08-22,6.89,6.72,6.91,6.71,182767.0,127298561.0,2.91,-2.18,-0.15,0.66
300251,2024-08-23,6.7,6.7,6.76,6.67,133358.0,92195410.0,1.34,-0.3,-0.02,0.54
300251,2024-08-26,6.7,6.75,6.79,6.6,160634.0,111163999.0,2.84,0.75,0.05,0.58
300251,2024-08-27,6.73,6.56,6.77,6.54,165219.0,112841275.0,3.41,-2.81,-0.19,0.59
300251,2024-08-28,6.55,6.72,6.75,6.53,174290.0,119544232.0,3.35,2.44,0.16,0.63
300251,2024-08-29,6.66,6.73,6.75,6.44,308650.0,211139388.0,4.61,0.15,0.01,1.11
300251,2024-08-30,6.74,6.92,7.0,6.7,368424.0,261428091.0,4.46,2.82,0.19,1.32
300251,2024-09-02,6.9,6.54,6.9,6.53,455156.0,311580590.0,5.35,-5.49,-0.38,1.63
300251,2024-09-03,6.55,6.57,6.63,6.5,209453.0,141712960.0,1.99,0.46,0.03,0.75
300251,2024-09-04,6.53,6.53,6.61,6.44,167374.0,112723665.0,2.59,-0.61,-0.04,0.6
300251,2024-09-05,6.53,6.65,6.73,6.53,226717.0,154988626.0,3.06,1.84,0.12,0.81
300251,2024-09-06,6.65,6.55,6.66,6.53,138978.0,94259292.0,1.95,-1.5,-0.1,0.54
300251,2024-09-09,6.51,6.53,6.59,6.46,150087.0,100955103.0,1.98,-0.31,-0.02,0.54
300251,2024-09-10,6.56,6.56,6.62,6.4,192595.0,128767438.0,3.37,0.46,0.03,0.69
300251,2024-09-11,6.52,6.5,6.55,6.45,122717.0,82174586.0,1.52,-0.91,-0.06,0.54
300251,2024-09-12,6.49,6.46,6.62,6.46,154266.0,103793982.0,2.46,-0.62,-0.04,0.55
300251,2024-09-13,6.48,6.39,6.52,6.38,162433.0,107673852.0,2.17,-1.08,-0.07,0.58
300251,2024-09-18,6.4,6.33,6.41,6.23,163975.0,106553670.0,2.82,-0.94,-0.06,0.59
300251,2024-09-19,6.35,6.49,6.57,6.33,201378.0,134162746.0,3.79,2.53,0.16,0.72
300251,2024-09-20,6.51,6.46,6.51,6.39,156843.0,104190607.0,1.85,-0.46,-0.03,0.56
300251,2024-09-23,6.46,6.42,6.49,6.4,127521.0,84624585.0,1.39,-0.62,-0.04,0.54
300251,2024-09-24,6.47,6.74,6.74,6.44,411440.0,280449965.0,4.67,4.98,0.32,1.48
300251,2024-09-25,6.79,6.85,7.08,6.79,441573.0,314533771.0,4.3,1.63,0.11,1.58
300251,2024-09-26,6.84,7.21,7.22,6.8,558326.0,402171457.0,6.13,5.26,0.36,2.0
300251,2024-09-27,7.38,7.67,7.79,7.24,722882.0,557155092.0,7.63,6.38,0.46,2.59
300251,2024-09-30,7.91,8.7,8.85,7.85,1149176.0,979128514.0,13.04,10.504700000000025,1.03,4.12
300251,2024-10-08,10.1,9.3,10.29,8.5,1791035.0300000007,1818937547.0,20.57,6.9,0.6,6.85
300251,2024-10-09,8.81,7.91,8.82,7.88,1248981.0,1067035310.0,10.11,-9.2766,-1.39,4.48
300251,2024-10-10,8.06,7.92,8.28,7.73,702617.0,576763366.0,6.95,0.13,0.01,2.52
300251,2024-10-11,7.94,7.63,7.95,7.53,495758.0,393068473.0,5.3,-3.66,-0.29,1.78
300251,2024-10-14,7.6,7.81,7.86,7.46,452580.0,356635643.0,5.24,2.36,0.18,1.62
300251,2024-10-15,7.75,7.71,8.03,7.66,470979.0,379473300.0,4.74,-1.28,-0.1,1.69
300251,2024-10-16,7.59,7.79,7.95,7.54,373771.0,299251870.0,5.32,1.04,0.08,1.34
300251,2024-10-17,7.8,7.72,7.96,7.71,384604.0,308910082.0,3.21,-0.9,-0.07,1.38
300251,2024-10-18,7.72,7.95,8.18,7.61,558430.0,451878252.0,7.38,2.98,0.23,2.0
300251,2024-10-21,7.95,8.2,8.33,7.93,651665.0,544168465.0,5.03,3.14,0.25,2.34
300251,2024-10-22,8.18,8.48,8.88,8.12,945293.0,825234957.0,9.27,3.41,0.28,3.39
300251,2024-10-23,8.39,8.23,8.4,8.18,568366.0,481398198.0,2.59,-2.95,-0.25,2.04
300251,2024-10-24,8.15,8.2,8.32,8.08,330905.0,277484516.0,2.92,-0.36,-0.03,1.19
300251,2024-10-25,8.1,8.36,8.39,8.1,404656.0,343487772.0,3.54,1.95,0.16,1.45
300251,2024-10-28,8.3,8.49,8.59,8.24,548746.0,473993644.0,4.19,1.56,0.13,1.97
300251,2024-10-29,8.6,8.2,8.68,8.18,530795.0,453161615.0,5.89,-3.42,-0.29,1.9
300251,2024-10-30,8.2,8.57,9.16,8.2,1021863.0,908310695.0,11.71,4.51,0.37,3.67
300251,2024-10-31,8.48,8.64,8.9,8.37,832179.0,737361479.0,6.18,0.82,0.07,2.99
300251,2024-11-01,8.58,8.31,8.63,8.14,623278.0,531349185.0,5.67,-3.82,-0.33,2.24
300251,2024-11-04,8.24,8.43,8.5,8.24,330947.0,283885880.0,3.13,1.44,0.12,1.19
300251,2024-11-05,8.4,8.81,8.85,8.37,641312.0,568483995.0,5.69,4.51,0.38,2.3
300251,2024-11-06,8.73,8.98,9.13,8.64,791990.0,723580000.0,5.56,1.93,0.17,2.84
300251,2024-11-07,8.9,9.1,9.16,8.83,579663.0,534362010.0,3.67,1.34,0.12,2.08
300251,2024-11-08,9.14,8.97,9.21,8.89,523812.0,483505190.0,3.52,-1.43,-0.13,1.88
300251,2024-11-11,8.84,9.15,9.24,8.78,711606.0,655077721.0,5.13,2.01,0.18,2.55
300251,2024-11-12,9.15,8.92,9.23,8.83,536590.0,496964254.0,4.37,-2.51,-0.23,1.93
300251,2024-11-13,8.89,9.02,9.14,8.86,480737.0,441975763.0,3.14,1.12,0.1,1.72
300251,2024-11-14,8.96,8.72,9.08,8.68,381755.0,345704421.0,4.43,-3.33,-0.3,1.37
300251,2024-11-15,8.71,8.83,9.22,8.71,676561.0,622664574.0,5.85,1.26,0.11,2.43
300251,2024-11-18,8.9,8.3,8.92,8.27,642957.0,553336874.0,7.36,-6.0,-0.53,2.31
300251,2024-11-19,8.35,8.4,8.41,8.17,321854.0,273044589.0,2.89,1.2,0.1,1.15
300251,2024-11-20,8.33,8.54,8.67,8.31,379517.0,330407271.0,4.29,1.67,0.14,1.36
300251,2024-11-21,8.49,8.54,8.75,8.45,353550.0,310910213.0,3.51,0.0,0.0,1.27
300251,2024-11-22,8.49,8.25,8.71,8.23,464075.0,403057731.0,5.62,-3.4,-0.29,1.67
300251,2024-11-25,8.19,8.08,8.35,8.01,521848.0,434903162.0,4.12,-2.06,-0.17,1.87
300251,2024-11-26,8.07,8.11,8.5,8.06,509472.0,432087211.0,5.45,0.37,0.03,1.83
300251,2024-11-27,8.08,8.56,8.59,7.94,563412.0,475082121.0,8.01,5.55,0.45,2.02
300251,2024-11-28,8.54,8.47,8.93,8.45,562134.0,497227116.0,5.61,-1.05,-0.09,2.02
300251,2024-11-29,8.41,8.63,8.7,8.31,468510.0,409875213.0,4.6,1.89,0.16,1.68
300251,2024-12-02,8.58,9.03,9.2,8.57,741254.0,681311714.0,7.3,4.63,0.4,2.66
300251,2024-12-03,9.04,9.2,9.44,8.96,791430.0,747498963.0,5.32,1.88,0.17,2.84
300251,2024-12-04,9.1,9.05,9.18,8.86,529830.0,487518282.0,3.48,-1.63,-0.15,1.9
300251,2024-12-05,9.01,9.58,9.79,9.01,1003471.0,970895647.0,8.62,5.86,0.53,3.6
300251,2024-12-06,9.45,9.55,9.62,9.25,651538.0,629584821.0,3.86,-0.31,-0.03,2.34
300251,2024-12-09,9.35,9.15,9.5,8.98,664405.0,621798456.0,5.45,-4.19,-0.4,2.38
300251,2024-12-10,9.81,9.59,10.1,9.52,1595349.0,1590143383.0,6.34,4.81,0.44,5.72
300251,2024-12-11,9.6,9.62,9.97,9.51,925280.0,916256524.0,4.8,0.31,0.03,3.32
300251,2024-12-12,9.62,9.68,9.72,9.4,654186.0,637439490.0,3.33,0.62,0.06,2.35
300251,2024-12-13,9.6,9.59,9.89,9.52,691158.0,684089244.0,3.82,-0.93,-0.09,2.48
300251,2024-12-16,9.55,9.35,9.65,9.24,600586.0,575739796.0,4.28,-2.5,-0.24,2.15
300251,2024-12-17,9.26,9.19,9.32,9.09,488924.0,459378827.0,2.46,-1.71,-0.16,1.75
300251,2024-12-18,9.24,9.25,9.46,9.14,364213.0,346324538.0,3.48,0.65,0.06,1.31
300251,2024-12-19,9.18,9.35,9.43,9.13,408894.0,389476189.0,3.24,1.08,0.1,1.47
300251,2024-12-20,9.33,9.39,9.48,9.21,395129.0,377301772.0,2.89,0.43,0.04,1.42
300251,2024-12-23,9.38,8.97,9.38,8.95,465802.0,432515924.0,4.58,-4.47,-0.42,1.67
300251,2024-12-24,8.99,9.07,9.1,8.95,263663.0,243445560.0,1.67,1.11,0.1,0.95
300251,2024-12-25,9.09,9.17,9.32,8.84,457356.0,425824955.0,5.29,1.1,0.1,1.64
300251,2024-12-26,9.1,9.39,9.48,9.09,529103.0,505397699.0,4.25,2.4,0.22,1.9
300251,2024-12-27,9.38,9.37,9.57,9.24,604660.0,582722469.0,3.51,-0.21,-0.02,2.17
300251,2024-12-30,9.34,9.23,9.48,9.16,415946.0,394324789.0,3.42,-1.49,-0.14,1.49
300251,2024-12-31,9.24,9.24,9.58,9.14,668368.0,636562299.0,4.77,0.11,0.01,2.4
300476,2024-01-02,18.01,17.74,18.13,17.72,119040.0,218633006.0,2.28,-1.22,-0.22,1.39
300476,2024-01-03,17.71,17.14,17.74,16.99,161377.0,286528225.0,4.23,-3.38,-0.6,1.89
300476,2024-01-04,17.18,16.94,17.18,16.84,109446.08,147949526.0,1.98,-1.17,-0.2,0.99
300476,2024-01-05,16.95,16.4,17.06,16.31,132427.0,226734060.0,4.43,-3.19,-0.54,1.55
300476,2024-01-08,16.39,16.04,16.46,16.01,147994.0,246558557.0,2.74,-2.2,-0.36,1.73
300476,2024-01-09,16.5,16.4,17.06,16.28,207063.0,353846459.0,4.86,2.24,0.36,2.42
300476,2024-01-10,16.31,16.08,16.5,15.86,138546.0,229666841.0,3.9,-1.95,-0.32,1.62
300476,2024-01-11,16.02,16.6,16.73,15.94,144757.0,245563195.0,4.91,3.23,0.52,1.69
300476,2024-01-12,16.54,16.19,16.7,16.15,154409.0,260107242.0,3.31,-2.47,-0.41,1.81
300476,2024-01-15,16.11,16.27,16.53,16.02,136906.0,229647081.0,3.15,0.49,0.08,1.6
300476,2024-01-16,16.24,16.1,16.35,15.79,154645.0,255944130.0,3.44,-1.04,-0.17,1.81
300476,2024-01-17,16.2,15.74,16.38,15.73,130566.0,216502972.0,4.04,-2.24,-0.36,1.53
300476,2024-01-18,15.6,16.12,16.14,15.41,183927.0,298285420.0,4.64,2.41,0.38,2.15
300476,2024-01-19,16.11,16.03,16.69,16.03,214905.0,362898391.0,4.09,-0.56,-0.09,2.51
300476,2024-01-22,16.5,15.37,16.76,15.33,255111.0,422216237.0,8.92,-4.12,-0.66,2.98
300476,2024-01-23,15.21,16.0,16.24,15.21,257245.0,419826552.0,6.7,4.1,0.63,3.01
300476,2024-01-24,16.83,16.4,17.02,15.58,314609.0,526058960.0,9.0,2.5,0.4,3.68
300476,2024-01-25,16.39,17.51,17.58,15.9,503265.0,880296126.0,10.24,6.77,1.11,5.88
300476,2024-01-26,17.31,16.86,17.59,16.76,366015.0,647715696.0,4.74,-3.71,-0.65,4.28
300476,2024-01-29,16.9,15.41,16.9,15.4,350967.0,569697822.0,8.9,-8.6,-1.45,4.1
300476,2024-01-30,15.47,14.93,15.78,14.87,170069.0,268394263.0,5.91,-3.11,-0.48,1.99
300476,2024-01-31,14.81,14.35,15.2,14.32,208778.0,317387893.0,5.89,-3.88,-0.58,2.44
300476,2024-02-01,14.17,15.29,15.75,13.91,325499.0,505611663.0,12.82,6.55,0.94,3.81
300476,2024-02-02,15.26,14.55,15.89,14.16,270434.0,421815932.0,11.31,-4.84,-0.74,3.16
300476,2024-02-05,14.55,14.5,15.17,13.37,328503.0,486634816.0,12.37,-0.34,-0.05,3.84
300476,2024-02-06,14.11,16.08,16.27,14.07,358631.0,568678994.0,15.17,10.504700000000025,1.58,4.19
300476,2024-02-07,16.04,16.47,16.84,15.92,326120.0,552046837.0,5.72,2.43,0.39,3.81
300476,2024-02-08,16.58,17.06,18.5,16.49,398251.0,717009038.0,12.2,3.58,0.59,4.66
300476,2024-02-19,18.19,19.97,20.45,17.86,733652.0,1436905849.0,15.18,10.504700000000025,2.91,8.58
300476,2024-02-20,19.42,19.29,19.65,18.97,469678.0,926892415.0,3.41,-3.41,-0.68,5.49
300476,2024-02-21,18.58,18.62,19.16,18.37,407934.0,783737444.0,4.1,-3.47,-0.67,4.77
300476,2024-02-22,19.41,19.84,20.26,19.23,562686.0,1135542738.0,5.53,6.55,1.22,6.58
300476,2024-02-23,20.61,20.19,20.96,19.57,609306.0,1263805212.0,7.01,1.76,0.35,7.12
300476,2024-02-26,19.61,19.71,20.06,19.21,403135.0,811133787.0,4.21,-2.38,-0.48,4.71
300476,2024-02-27,19.49,21.94,22.01,19.41,798242.0,1728185575.0,13.19,10.504700000000025,2.23,9.33
300476,2024-02-28,21.58,20.11,21.99,19.97,638978.0,1386080366.0,9.21,-8.34,-1.83,7.47
300476,2024-02-29,20.04,21.24,21.51,20.04,412525.0,887174037.0,7.31,5.62,1.13,4.82
300476,2024-03-01,21.61,22.56,22.74,21.38,651821.0,1480496504.0,6.4,6.21,1.32,7.62
300476,2024-03-04,24.01,24.69,25.79,23.49,841839.0,2101724304.0,10.2,9.44,2.13,9.84
300476,2024-03-05,24.12,24.01,25.37,23.66,662584.0,1645418662.0,6.93,-2.75,-0.68,7.75
300476,2024-03-06,23.81,23.45,23.96,23.17,358296.0,860047873.0,3.29,-2.33,-0.56,4.19
300476,2024-03-07,23.79,23.46,24.74,23.46,446307.0,1094699875.0,5.46,0.04,0.01,5.22
300476,2024-03-08,24.07,26.08,26.3,23.61,640759.0,1633918619.0,11.47,10.504700000000025,2.62,7.49
300476,2024-03-11,25.01,25.81,26.0,24.51,536301.0,1374331921.0,5.71,-1.04,-0.27,6.27
300476,2024-03-12,25.33,24.93,25.6,24.09,461704.0,1163611228.0,5.85,-3.41,-0.88,5.4
300476,2024-03-13,25.56,26.26,27.45,24.82,663107.0,1761059650.0,10.55,5.33,1.33,7.75
300476,2024-03-14,25.52,25.53,26.39,25.11,394433.0,1028948758.0,4.87,-2.78,-0.73,4.61
300476,2024-03-15,25.3,26.76,26.96,24.81,466798.0,1233160650.0,8.42,4.82,1.23,5.46
300476,2024-03-18,26.66,26.67,27.9,26.4,484057.0,1335602897.0,5.61,-0.34,-0.09,5.66
300476,2024-03-19,26.24,26.11,26.67,25.81,313997.0,836488421.0,3.22,-2.1,-0.56,3.67
300476,2024-03-20,26.01,25.63,26.79,25.41,329950.0,869388953.0,5.29,-1.84,-0.48,3.86
300476,2024-03-21,25.62,25.09,25.99,25.03,297897.0,771562803.0,3.75,-2.11,-0.54,3.48
300476,2024-03-22,25.32,24.91,25.62,24.79,298118.0,763802259.0,3.31,-0.72,-0.18,3.49
300476,2024-03-25,25.2,23.74,25.3,23.62,396961.0,984518154.0,6.74,-4.7,-1.17,4.64
300476,2024-03-26,24.11,23.72,24.55,23.47,428281.0,1047967298.0,4.55,-0.08,-0.02,5.01
300476,2024-03-27,23.36,23.11,23.73,22.48,417217.0,980651516.0,5.27,-2.57,-0.61,4.88
300476,2024-03-28,23.1,23.99,24.21,23.1,440649.0,1068128578.0,4.8,3.81,0.88,5.15
300476,2024-03-29,23.69,23.73,23.77,23.12,279171.0,668996053.0,2.71,-1.08,-0.26,3.26
300476,2024-04-01,23.73,23.98,24.39,22.72,383511.0,928592012.0,7.04,1.05,0.25,4.48
300476,2024-04-02,23.98,23.69,24.5,23.52,358062.0,875250099.0,4.09,-1.21,-0.29,4.19
300476,2024-04-03,23.51,23.45,23.94,22.87,270229.0,645114167.0,4.52,-1.01,-0.24,3.16
300476,2024-04-08,23.22,23.7,24.26,23.08,297009.0,723751539.0,5.03,1.07,0.25,3.47
300476,2024-04-09,23.51,23.7,23.84,23.08,224115.0,535268209.0,3.21,0.0,0.0,2.62
300476,2024-04-10,23.51,22.91,23.56,22.77,222339.0,523780125.0,3.33,-3.33,-0.79,2.6
300476,2024-04-11,22.9,22.6,23.42,22.55,209891.0,491487910.0,3.8,-1.35,-0.31,2.45
300476,2024-04-12,23.01,23.43,24.11,22.81,376503.0,908700803.0,5.75,3.67,0.83,4.4
300476,2024-04-15,23.31,25.01,25.26,23.3,609100.0,1515032828.0,8.37,6.74,1.58,7.12
300476,2024-04-16,24.48,24.15,25.5,23.8,524062.0,1310803867.0,6.8,-3.44,-0.86,6.13
300476,2024-04-17,24.4,26.01,26.48,24.4,493589.0,1288817029.0,8.61,7.7,1.86,5.77
300476,2024-04-18,25.52,26.49,27.03,25.24,397299.0,1066666709.0,6.88,1.85,0.48,4.65
300476,2024-04-19,25.51,25.65,26.48,24.9,418450.0,1091752198.0,5.96,-3.17,-0.84,4.89
300476,2024-04-22,23.49,24.51,24.75,22.29,419825.0,1014482524.0,9.59,-4.44,-1.14,4.91
300476,2024-04-23,24.88,24.92,25.61,24.56,234548.0,599507000.0,4.28,1.67,0.41,2.74
300476,2024-04-24,25.3,29.56,30.0,25.19,839458.0,2415510361.0,19.3,10.504700000000025,4.64,9.82
300476,2024-04-25,29.51,28.94,29.58,28.56,498291.0,1473850142.0,3.45,-2.1,-0.62,5.83
300476,2024-04-26,29.73,30.04,30.71,28.98,737693.0,2252635146.0,5.98,3.8,1.1,8.63
300476,2024-04-29,30.21,30.09,30.81,29.5,461867.0,1406397923.0,4.36,0.17,0.05,5.4
300476,2024-04-30,30.01,29.19,30.27,29.07,374327.0,1126193554.0,3.99,-2.99,-0.9,4.38
300476,2024-05-06,29.66,28.7,29.98,28.41,389092.0,1147972920.0,5.38,-1.68,-0.49,4.55
300476,2024-05-07,29.39,28.86,30.36,28.61,452966.0,1355321121.0,6.1,0.56,0.16,5.3
300476,2024-05-08,28.41,29.86,31.0,28.41,518338.0,1576623905.0,8.97,3.47,1.0,6.06
300476,2024-05-09,29.31,29.86,30.4,29.22,270056.0,817215705.0,3.95,0.0,0.0,3.16
300476,2024-05-10,29.41,28.25,29.61,27.87,394885.0,1139416518.0,5.83,-5.39,-1.61,4.62
300476,2024-05-13,28.25,27.96,28.7,27.69,261997.0,751921877.0,3.58,-1.03,-0.29,3.06
300476,2024-05-14,28.04,26.92,28.37,26.32,374510.0,1028812945.0,7.33,-3.72,-1.04,4.38
300476,2024-05-15,26.96,28.27,29.31,26.79,423333.0,1225354583.0,9.36,5.01,1.35,4.95
300476,2024-05-16,30.01,29.81,30.76,29.51,485551.0,1485728929.0,4.42,5.45,1.54,5.68
300476,2024-05-17,29.79,29.51,30.17,28.4,362339.0,1073821082.0,5.94,-1.01,-0.3,4.24
300476,2024-05-20,29.11,29.61,30.26,28.76,346217.0,1039759147.0,5.08,0.34,0.1,4.05
300476,2024-05-21,30.32,29.46,30.57,28.99,340248.0,1026448270.0,5.34,-0.51,-0.15,3.98
300476,2024-05-22,29.01,28.66,29.21,28.45,261585.0,762899738.0,2.58,-2.72,-0.8,3.06
300476,2024-05-23,29.34,28.15,29.36,27.62,391315.0,1127276390.0,6.07,-1.78,-0.51,4.58
300476,2024-05-24,28.15,27.12,28.68,26.76,326739.0,918575526.0,6.82,-3.66,-1.03,3.82
300476,2024-05-27,27.29,27.69,27.79,26.51,320625.0,884809001.0,4.72,2.1,0.57,3.75
300476,2024-05-28,27.31,26.4,27.58,26.13,347890.0,945974215.0,5.24,-4.66,-1.29,4.07
300476,2024-05-29,26.72,26.7,27.19,26.4,206021.0,561169583.0,2.99,1.14,0.3,2.41
300476,2024-05-30,26.51,27.11,27.48,25.91,219091.0,601998902.0,5.88,1.54,0.41,2.56
300476,2024-05-31,26.91,26.85,27.64,26.36,229827.0,631580334.0,4.72,-0.96,-0.26,2.69
300476,2024-06-03,26.81,28.74,29.01,26.77,456712.0,1314902876.0,8.34,7.04,1.89,5.34
300476,2024-06-04,28.73,30.42,30.8,28.52,534182.0,1638500489.0,7.93,5.85,1.68,6.25
300476,2024-06-05,30.43,30.51,32.15,30.08,483127.0,1519491234.0,6.8,0.3,0.09,5.65
300476,2024-06-06,31.31,31.14,32.84,30.89,517693.0,1669662254.0,6.39,2.06,0.63,6.05
300476,2024-06-07,30.72,30.2,31.5,29.64,359569.0,1098252551.0,5.97,-3.02,-0.94,4.2
300476,2024-06-11,30.35,30.57,31.11,29.95,268617.0,827580623.0,3.84,1.23,0.37,3.14
300476,2024-06-12,30.71,29.43,31.07,28.84,436633.0,1307368881.0,7.29,-3.73,-1.14,5.11
300476,2024-06-13,29.67,30.57,31.52,29.54,434144.0,1339161990.0,6.73,3.87,1.14,5.08
300476,2024-06-14,30.54,32.72,33.9,30.25,672164.0,2208384002.0,11.94,7.03,2.15,7.86
300476,2024-06-17,33.2,33.32,33.87,32.26,360730.0,1207763273.0,4.92,1.83,0.6,4.22
300476,2024-06-18,33.05,33.34,34.53,32.73,385562.0,1296694916.0,5.4,0.06,0.02,4.51
300476,2024-06-19,33.7,32.6,34.21,32.57,282563.0,941258605.0,4.92,-2.22,-0.74,3.3
300476,2024-06-20,32.7,31.75,32.92,31.72,198649.0,645560669.0,3.68,-2.61,-0.85,2.32
300476,2024-06-21,31.1,31.65,32.34,31.0,218212.0,695623598.0,4.22,-0.31,-0.1,2.55
300476,2024-06-24,31.65,30.82,32.12,30.58,288461.0,910117440.0,4.87,-2.62,-0.83,3.37
300476,2024-06-25,30.3,29.55,30.3,29.3,276404.0,828628092.0,3.24,-4.12,-1.27,3.23
300476,2024-06-26,30.58,31.65,31.92,30.58,424067.0,1340665619.0,4.53,7.11,2.1,4.96
300476,2024-06-27,30.91,30.74,32.15,30.63,322276.0,1021620953.0,4.8,-2.88,-0.91,3.77
300476,2024-06-28,30.57,31.96,32.96,30.57,392522.0,1276776241.0,7.77,3.97,1.22,4.59
300476,2024-07-01,31.6,33.33,33.99,30.64,450876.0,1461361245.0,10.48,4.29,1.37,5.27
300476,2024-07-02,34.05,33.08,34.47,32.93,393172.0,1331388949.0,4.62,-0.75,-0.25,4.6
300476,2024-07-03,33.25,33.32,34.5,33.04,329038.0,1120670545.0,4.41,0.73,0.24,3.85
300476,2024-07-04,33.7,33.79,35.14,33.33,331118.0,1145353347.0,5.43,1.41,0.47,3.87
300476,2024-07-05,33.69,33.38,33.89,31.91,327297.0,1083712998.0,5.86,-1.21,-0.41,3.83
300476,2024-07-08,33.5,33.58,34.24,33.05,237258.0,806941527.0,3.57,0.6,0.2,2.77
300476,2024-07-09,33.76,37.98,38.0,33.52,479274.0,1751197060.0,13.34,10.504700000000025,4.4,5.6
300476,2024-07-10,37.7,39.39,39.69,37.64,436646.0,1712291570.0,5.4,3.71,1.41,5.11
300476,2024-07-11,39.39,38.38,39.4,37.15,420949.0,1624153486.0,5.71,-2.56,-1.01,4.92
300476,2024-07-12,37.26,38.76,40.69,36.51,466579.0,1789921488.0,10.89,0.99,0.38,5.46
300476,2024-07-15,38.69,38.65,39.45,37.39,310014.0,1195987673.0,5.31,-0.28,-0.11,3.63
300476,2024-07-16,38.5,41.35,41.99,38.4,447317.0,1822334261.0,9.29,6.99,2.7,5.23
300476,2024-07-17,40.7,39.2,41.21,38.9,331118.0,1328748902.0,5.59,-5.2,-2.15,3.87
300476,2024-07-18,38.1,38.44,39.08,36.22,425899.0,1613178504.0,7.3,-1.94,-0.76,4.98
300476,2024-07-19,37.7,37.1,38.05,36.84,265531.0,1000665933.0,3.15,-3.49,-1.34,3.1
300476,2024-07-22,37.2,39.51,40.35,37.11,391259.0,1525491084.0,8.73,6.5,2.41,4.58
300476,2024-07-23,39.78,39.58,41.3,39.41,386960.0,1571906291.0,4.78,0.18,0.07,4.52
300476,2024-07-24,39.58,40.88,43.52,39.58,419964.0,1756031538.0,9.95,3.28,1.3,4.91
300476,2024-07-25,39.47,38.05,40.2,37.68,398012.0,1549883347.0,6.16,-6.92,-2.83,4.65
300476,2024-07-26,38.31,38.28,39.0,37.49,285305.0,1099647876.0,3.97,0.6,0.23,3.34
300476,2024-07-29,38.09,39.17,40.62,37.09,329867.0,1299697568.0,9.22,2.32,0.89,3.86
300476,2024-07-30,39.6,38.44,39.77,37.5,246654.0,952039528.0,5.8,-1.86,-0.73,2.88
300476,2024-07-31,37.78,38.25,39.19,35.5,489589.0,1859385176.0,9.6,-0.49,-0.19,5.72
300476,2024-08-01,39.36,38.02,39.98,37.58,330292.0,1285572400.0,6.27,-0.6,-0.23,3.86
300476,2024-08-02,36.22,34.3,36.9,33.45,792922.0,2792407962.0,9.07,-9.2766,-3.72,9.27
300476,2024-08-05,33.3,30.32,33.3,30.08,627306.0,1985921640.0,9.39,-9.2766,-3.98,7.34
300476,2024-08-06,31.72,31.51,32.64,31.02,394836.0,1264167213.0,5.34,3.92,1.19,4.62
300476,2024-08-07,31.04,30.6,31.82,30.25,305889.0,956939370.0,4.98,-2.89,-0.91,3.58
300476,2024-08-08,29.55,29.81,30.48,29.43,312012.0,939655071.0,3.43,-2.58,-0.79,3.65
300476,2024-08-09,30.98,31.38,32.07,30.59,427378.0,1353045342.0,4.96,5.27,1.57,5.0
300476,2024-08-12,31.38,32.63,33.25,31.38,376226.0,1236373178.0,5.96,3.98,1.25,4.4
300476,2024-08-13,32.95,34.29,35.17,32.84,458646.0,1588845276.0,7.14,5.09,1.66,5.36
300476,2024-08-14,34.9,33.36,35.17,33.28,406334.0,1394842536.0,5.51,-2.71,-0.93,4.75
300476,2024-08-15,33.24,33.3,34.05,33.01,253439.0,854904827.0,3.12,-0.18,-0.06,2.96
300476,2024-08-16,34.26,34.29,35.29,33.92,398535.0,1394733648.0,4.11,2.97,0.99,4.66
300476,2024-08-19,33.83,34.38,35.4,33.56,320428.0,1116976968.0,5.37,0.26,0.09,3.75
300476,2024-08-20,34.7,33.9,35.28,33.56,243352.0,840846936.0,5.0,-1.4,-0.48,2.85
300476,2024-08-21,33.5,34.2,34.93,33.39,224007.0,773278579.0,4.54,0.88,0.3,2.62
300476,2024-08-22,34.13,34.01,34.4,33.03,203984.0,694102546.0,4.01,-0.56,-0.19,2.39
300476,2024-08-23,33.7,33.24,33.9,32.9,172769.0,580385825.0,2.94,-2.26,-0.77,2.02
300476,2024-08-26,33.59,33.0,33.95,32.63,166437.0,557399215.0,3.97,-0.72,-0.24,1.95
300476,2024-08-27,32.71,32.56,33.35,32.39,138653.0,458791256.0,2.91,-1.33,-0.44,1.62
300476,2024-08-28,32.77,33.26,34.16,32.77,187789.0,634029111.0,4.27,2.15,0.7,2.2
300476,2024-08-29,31.32,32.58,33.0,30.2,366041.0,1168011909.0,8.42,-2.04,-0.68,4.28
300476,2024-08-30,32.05,33.52,34.2,32.05,352212.0,1190017400.0,6.6,2.89,0.94,4.12
300476,2024-09-02,33.72,31.5,34.25,30.91,389089.0,1257322887.0,9.96,-6.03,-2.02,4.55
300476,2024-09-03,31.23,30.18,31.78,29.36,525870.0,1596488269.0,7.68,-4.19,-1.32,6.15
300476,2024-09-04,28.65,27.93,28.85,27.55,631488.0,1785505868.0,4.31,-7.46,-2.25,7.38
300476,2024-09-05,27.92,27.93,28.77,27.6,353221.0,1005502729.0,4.19,0.0,0.0,4.13
300476,2024-09-06,27.65,26.84,27.93,26.8,286660.0,789355243.0,4.05,-3.9,-1.09,3.35
300476,2024-09-09,26.7,26.88,27.08,26.26,270118.0,726731279.0,3.06,0.15,0.04,3.16
300476,2024-09-10,27.0,27.28,27.33,26.42,296487.0,806451012.0,3.39,1.49,0.4,3.47
300476,2024-09-11,26.91,27.2,27.46,26.76,201526.0,553547145.0,2.57,-0.29,-0.08,2.36
300476,2024-09-12,28.65,26.72,28.79,26.72,422305.0,1171749496.0,7.61,-1.76,-0.48,4.94
300476,2024-09-13,26.77,27.8,28.79,26.74,595043.0,1688271600.0,7.67,4.04,1.08,6.96
300476,2024-09-18,27.67,27.52,28.15,27.36,280895.0,787197257.0,2.84,-1.01,-0.28,3.28
300476,2024-09-19,27.56,27.0,27.76,26.52,297427.0,813309533.0,4.51,-1.89,-0.52,3.48
300476,2024-09-20,27.28,26.77,27.39,26.6,188593.0,513500214.0,2.93,-0.85,-0.23,2.21
300476,2024-09-23,26.5,26.84,27.68,26.28,193339.0,529927521.0,5.23,0.26,0.07,2.26
300476,2024-09-24,26.98,29.32,29.8,26.98,491638.0,1414246472.0,10.51,9.24,2.48,5.75
300476,2024-09-25,30.2,28.82,30.58,28.76,498393.0,1496540621.0,6.21,-1.71,-0.5,5.83
300476,2024-09-26,29.17,30.55,30.58,28.74,439691.0,1317359208.0,6.38,6.0,1.73,5.14
300476,2024-09-27,30.4,33.7,34.69,30.4,590612.0,1924651880.0,14.04,10.31,3.15,6.91
300476,2024-09-30,34.7,39.4,39.46,33.8,690148.0,2548913859.0,16.8,10.504700000000025,5.7,8.07
300476,2024-10-08,46.89,47.34,47.34,40.94,824132.0,3726265683.0,16.24,10.504700000000025,7.94,9.64
300476,2024-10-09,44.98,42.7,49.53,41.14,813511.0,3630838684.0,17.72,-9.2766,-4.64,9.51
300476,2024-10-10,43.7,42.4,44.69,40.22,565776.0,2424385870.0,10.47,-0.7,-0.3,6.62
300476,2024-10-11,40.9,40.25,42.32,39.28,453629.0,1862473146.0,7.17,-5.07,-2.15,5.3
300476,2024-10-14,40.5,43.11,43.65,39.93,509514.0,2166180806.0,9.24,7.11,2.86,5.96
300476,2024-10-15,42.33,42.26,44.85,41.82,451913.0,1967602454.0,7.03,-1.97,-0.85,5.28
300476,2024-10-16,40.7,40.66,41.58,40.26,301225.0,1238744493.0,3.12,-3.79,-1.6,3.52
300476,2024-10-17,41.29,43.14,44.55,40.92,546191.0,2358688579.0,8.93,6.1,2.48,6.39
300476,2024-10-18,43.9,49.62,51.65,43.52,802013.0,3820468590.0,18.85,10.504700000000025,6.48,9.38
300476,2024-10-21,49.95,50.7,53.23,47.97,642330.0,3237793397.0,10.6,2.18,1.08,7.51
300476,2024-10-22,51.2,49.3,52.65,48.3,594921.0,3019061651.0,8.58,-2.76,-1.4,6.96
300476,2024-10-23,48.4,48.04,49.6,47.2,425707.0,2063893797.0,4.87,-2.56,-1.26,4.98
300476,2024-10-24,47.22,47.94,48.98,46.28,353674.0,1696229179.0,5.62,-0.21,-0.1,4.14
300476,2024-10-25,48.81,47.88,48.9,46.9,335147.0,1608486606.0,4.17,-0.13,-0.06,3.92
300476,2024-10-28,47.3,45.57,47.58,44.4,453812.0,2073965240.0,6.64,-4.82,-2.31,5.31
300476,2024-10-29,45.76,45.37,46.88,44.57,381741.0,1758796336.0,5.07,-0.44,-0.2,4.46
300476,2024-10-30,45.69,44.72,46.12,44.04,297675.0,1345952140.0,4.58,-1.43,-0.65,3.48
300476,2024-10-31,44.09,44.73,45.68,43.32,342615.0,1540397163.0,5.28,0.02,0.01,4.01
300476,2024-11-01,43.7,42.06,44.09,41.66,429359.0,1844850949.0,5.43,-5.97,-2.67,5.02
300476,2024-11-04,42.05,43.36,43.93,42.05,247206.0,1071998765.0,4.47,3.09,1.3,2.89
300476,2024-11-05,43.2,45.32,46.02,42.73,449115.0,2025033897.0,7.59,4.52,1.96,5.25
300476,2024-11-06,45.41,44.02,46.36,43.46,371440.0,1673595028.0,6.4,-2.87,-1.3,4.34
300476,2024-11-07,43.11,46.26,47.04,43.06,426816.0,1958184149.0,9.04,5.09,2.24,4.99
300476,2024-11-08,46.49,46.26,48.24,46.03,418424.0,1987829129.0,4.78,0.0,0.0,4.89
300476,2024-11-11,47.16,44.74,47.19,43.56,597343.0,2687572221.0,7.85,-3.29,-1.52,6.98
300476,2024-11-12,45.36,44.28,46.0,43.52,379830.0,1712956567.0,5.54,-1.03,-0.46,4.44
300476,2024-11-13,43.63,44.93,45.1,42.36,431818.0,1909820200.0,6.19,1.47,0.65,5.05
300476,2024-11-14,44.2,43.26,44.93,43.1,225089.0,997391907.0,4.07,-3.72,-1.67,2.63
300476,2024-11-15,43.14,40.83,44.2,40.81,310198.0,1320099992.0,7.84,-5.62,-2.43,3.63
300476,2024-11-18,40.74,39.16,41.08,38.71,318394.0,1271364413.0,5.8,-4.09,-1.67,3.72
300476,2024-11-19,39.61,40.39,40.57,39.08,218586.0,878440798.0,3.8,3.14,1.23,2.56
300476,2024-11-20,40.48,41.75,42.73,40.3,317640.0,1333051369.0,6.02,3.37,1.36,3.71
300476,2024-11-21,41.2,40.28,41.39,39.7,296223.0,1208129193.0,4.05,-3.52,-1.47,3.46
300476,2024-11-22,40.46,38.68,40.94,38.62,243045.0,972578415.0,5.76,-3.97,-1.6,2.84
300476,2024-11-25,38.7,37.49,39.19,36.29,438481.0,1647414871.0,7.5,-3.08,-1.19,5.13
300476,2024-11-26,36.97,37.71,38.33,36.7,248925.0,942971273.0,4.35,0.59,0.22,2.91
300476,2024-11-27,37.44,37.96,38.1,36.63,188224.0,711792299.0,3.9,0.66,0.25,2.2
300476,2024-11-28,37.9,36.5,37.9,36.34,298024.0,1107958324.0,4.11,-3.85,-1.46,3.48
300476,2024-11-29,36.8,40.26,40.99,36.8,600139.0,2372016877.0,11.48,10.3,3.76,7.02
300476,2024-12-02,40.69,42.28,42.7,40.6,483103.0,2040240565.0,5.22,5.02,2.02,5.65
300476,2024-12-03,41.87,41.75,42.2,40.69,276088.0,1152526338.0,3.57,-1.25,-0.53,3.23
300476,2024-12-04,41.58,41.7,42.56,41.27,261092.0,1101701232.0,3.09,-0.12,-0.05,3.05
300476,2024-12-05,42.0,43.37,43.78,41.96,317010.0,1380402936.0,4.36,4.0,1.67,3.71
300476,2024-12-06,43.43,43.3,44.28,42.9,229911.0,1007648035.0,3.18,-0.16,-0.07,2.69
300476,2024-12-09,42.6,42.85,43.53,42.01,214902.0,921280868.0,3.51,-1.04,-0.45,2.51
300476,2024-12-10,44.7,42.3,44.72,41.71,316799.0,1365158113.0,7.02,-1.28,-0.55,3.7
300476,2024-12-11,42.2,43.94,44.5,41.58,331066.0,1447835242.0,6.9,3.88,1.64,3.87
300476,2024-12-12,43.8,43.93,45.18,43.61,231438.0,1031137888.0,3.57,-0.02,-0.01,2.71
300476,2024-12-13,43.8,43.39,44.95,43.13,350109.0,1544866584.0,4.14,-1.23,-0.54,4.09
300476,2024-12-16,43.13,43.5,44.24,42.04,298482.0,1301178584.0,5.07,0.25,0.11,3.49
300476,2024-12-17,43.4,44.9,45.48,43.2,379175.0,1710282024.0,5.24,3.22,1.4,4.43
300476,2024-12-18,45.2,43.78,45.28,43.4,256148.0,1131441975.0,4.19,-2.49,-1.12,3.0
300476,2024-12-19,43.2,44.14,44.38,42.9,223387.0,984343141.0,3.38,0.82,0.36,2.61
300476,2024-12-20,44.14,44.44,45.18,43.51,236678.0,1058397802.0,3.78,0.68,0.3,2.77
300476,2024-12-23,44.14,42.88,44.71,42.64,275327.0,1204746223.0,4.66,-3.51,-1.56,3.22
300476,2024-12-24,43.68,43.38,43.71,42.4,205839.0,891553422.0,3.06,1.17,0.5,2.41
300476,2024-12-25,43.11,43.89,44.82,43.03,238615.0,1060480576.0,4.13,1.18,0.51,2.79
300476,2024-12-26,43.71,47.85,48.5,43.03,567605.0,2642817511.0,12.46,9.02,3.96,6.64
300476,2024-12-27,47.7,47.9,48.96,47.26,445676.0,2155676855.0,3.55,0.1,0.05,5.21
300476,2024-12-30,47.69,46.07,48.23,45.5,399056.0,1852740987.0,5.7,-3.82,-1.83,4.67
300476,2024-12-31,46.01,41.79,46.01,41.7,477962.0,2069729094.0,9.36,-9.2766,-4.28,5.59
